country,year,other_fuel_combustion_mtco2e
albania,1990,3.13554
albania,1991,2.19437
albania,1992,1.27319
albania,1993,0.92202
albania,1994,0.69084
albania,1995,0.51967
albania,1996,0.64248
albania,1997,0.57528
albania,1998,0.48809
albania,1999,0.9509
albania,2000,0.96371
albania,2001,1.01119
albania,2002,1.38866
albania,2003,1.26614
albania,2004,1.11362
albania,2005,0.9411
albania,2006,1.17237
albania,2007,0.96364
albania,2008,0.89491
albania,2009,0.79618
albania,2010,0.80745
albania,2011,0.81344
albania,2012,0.74943
albania,2013,0.82542
albania,2014,0.89141
algeria,1990,6.8401
algeria,1991,7.79294
algeria,1992,8.03578
algeria,1993,8.48862
algeria,1994,8.43146
algeria,1995,8.35431
algeria,1996,8.583
algeria,1997,8.26169
algeria,1998,8.92038
algeria,1999,9.38908
algeria,2000,9.62777
algeria,2001,9.83935
algeria,2002,10.22094
algeria,2003,11.02252
algeria,2004,11.86411
algeria,2005,12.86569
algeria,2006,12.56656
algeria,2007,13.98742
algeria,2008,13.96829
algeria,2009,17.80915
algeria,2010,17.22002
algeria,2011,18.98791
algeria,2012,20.75581
algeria,2013,23.0337
algeria,2014,22.0216
angola,1990,1.60423
angola,1991,1.65732
angola,1992,1.61041
angola,1993,1.52349
angola,1994,1.66658
angola,1995,1.72967
angola,1996,1.99873
angola,1997,2.0278
angola,1998,2.15686
angola,1999,2.43593
angola,2000,2.25499
angola,2001,2.42519
angola,2002,2.50538
angola,2003,2.61558
angola,2004,2.70577
angola,2005,2.45597
angola,2006,3.45148
angola,2007,3.85698
angola,2008,4.53249
angola,2009,5.108
angola,2010,5.40351
angola,2011,5.79928
angola,2012,6.27504
angola,2013,7.36081
angola,2014,7.30658
antigua_barbuda,1990,0.00084
antigua_barbuda,1991,0.00084
antigua_barbuda,1992,0.00084
antigua_barbuda,1993,0.00084
antigua_barbuda,1994,0.00084
antigua_barbuda,1995,0.00084
antigua_barbuda,1996,0.00084
antigua_barbuda,1997,0.00084
antigua_barbuda,1998,0.00084
antigua_barbuda,1999,0.00084
antigua_barbuda,2000,0.00084
antigua_barbuda,2001,0.00085
antigua_barbuda,2002,0.00086
antigua_barbuda,2003,0.00087
antigua_barbuda,2004,0.00089
antigua_barbuda,2005,0.0009
antigua_barbuda,2006,0.00091
antigua_barbuda,2007,0.00093
antigua_barbuda,2008,0.00095
antigua_barbuda,2009,0.00096
antigua_barbuda,2010,0.00098
antigua_barbuda,2011,0.00099
antigua_barbuda,2012,0.00101
antigua_barbuda,2013,0.00102
antigua_barbuda,2014,0.00103
argentina,1990,23.15496
argentina,1991,23.42467
argentina,1992,23.69439
argentina,1993,24.6041
argentina,1994,25.86382
argentina,1995,26.66353
argentina,1996,27.33964
argentina,1997,26.92575
argentina,1998,27.07186
argentina,1999,28.71797
argentina,2000,29.51407
argentina,2001,28.28534
argentina,2002,27.37661
argentina,2003,29.67787
argentina,2004,32.29914
argentina,2005,34.07041
argentina,2006,35.69712
argentina,2007,36.07383
argentina,2008,40.33054
argentina,2009,39.48726
argentina,2010,39.53397
argentina,2011,36.83673
argentina,2012,38.6595
argentina,2013,40.84227
argentina,2014,43.58503
armenia,1990,7.09104
armenia,1991,6.10982
armenia,1992,2.6786
armenia,1993,1.00739
armenia,1994,1.13617
armenia,1995,1.42495
armenia,1996,0.4139
armenia,1997,0.48286
armenia,1998,0.49181
armenia,1999,0.40076
armenia,2000,0.53972
armenia,2001,0.56119
armenia,2002,0.66266
armenia,2003,0.83413
armenia,2004,1.0056
armenia,2005,1.16707
armenia,2006,1.16778
armenia,2007,1.50849
armenia,2008,1.64921
armenia,2009,1.53992
armenia,2010,1.66063
armenia,2011,1.85125
armenia,2012,2.06187
armenia,2013,2.01249
armenia,2014,1.66312
australia,1990,15.96049
australia,1991,16.1466
australia,1992,16.6327
australia,1993,17.21881
australia,1994,17.19491
australia,1995,17.99101
australia,1996,18.45876
australia,1997,18.77651
australia,1998,19.18425
australia,1999,19.272
australia,2000,19.68975
australia,2001,19.95766
australia,2002,21.07556
australia,2003,22.32347
australia,2004,22.26138
australia,2005,22.69929
australia,2006,22.42554
australia,2007,22.58178
australia,2008,22.72803
australia,2009,23.33427
australia,2010,23.59052
australia,2011,23.91124
australia,2012,24.17195
australia,2013,24.51267
australia,2014,25.14339
austria,1990,14.14694
austria,1991,15.51136
austria,1992,14.81578
austria,1993,14.4902
austria,1994,13.48461
austria,1995,14.64903
austria,1996,16.05081
austria,1997,14.52259
austria,1998,14.56437
austria,1999,15.06615
austria,2000,13.91792
austria,2001,15.10977
austria,2002,14.42161
austria,2003,15.18346
austria,2004,14.7153
austria,2005,14.08715
austria,2006,13.54436
austria,2007,11.77158
austria,2008,12.35879
austria,2009,11.146
austria,2010,11.65322
austria,2011,10.17279
austria,2012,9.83236
austria,2013,10.05193
austria,2014,9.0515
azerbaijan,1990,9.35026
azerbaijan,1991,7.96647
azerbaijan,1992,6.48267
azerbaijan,1993,4.32888
azerbaijan,1994,6.45508
azerbaijan,1995,5.26129
azerbaijan,1996,5.34267
azerbaijan,1997,5.04405
azerbaijan,1998,5.43543
azerbaijan,1999,5.87681
azerbaijan,2000,6.13819
azerbaijan,2001,6.06936
azerbaijan,2002,5.78053
azerbaijan,2003,6.2017
azerbaijan,2004,6.22287
azerbaijan,2005,6.82404
azerbaijan,2006,6.1628
azerbaijan,2007,6.30157
azerbaijan,2008,7.62033
azerbaijan,2009,7.1591
azerbaijan,2010,7.33786
azerbaijan,2011,7.463
azerbaijan,2012,6.52813
azerbaijan,2013,6.42326
azerbaijan,2014,6.9284
bahrain,1990,0.15284
bahrain,1991,0.16349
bahrain,1992,0.17415
bahrain,1993,0.1748
bahrain,1994,0.18546
bahrain,1995,0.18611
bahrain,1996,0.20718
bahrain,1997,0.27826
bahrain,1998,0.34933
bahrain,1999,0.20041
bahrain,2000,0.21148
bahrain,2001,0.22324
bahrain,2002,0.22499
bahrain,2003,0.24675
bahrain,2004,0.2585
bahrain,2005,0.27026
bahrain,2006,0.23201
bahrain,2007,0.23376
bahrain,2008,0.26552
bahrain,2009,0.27727
bahrain,2010,0.26902
bahrain,2011,0.27069
bahrain,2012,0.28237
bahrain,2013,0.30405
bahrain,2014,0.30572
bangladesh,1990,5.17842
bangladesh,1991,5.02299
bangladesh,1992,5.17757
bangladesh,1993,5.33215
bangladesh,1994,5.55673
bangladesh,1995,6.0813
bangladesh,1996,6.3867
bangladesh,1997,6.98209
bangladesh,1998,7.30749
bangladesh,1999,7.33288
bangladesh,2000,7.33828
bangladesh,2001,8.22559
bangladesh,2002,8.7629
bangladesh,2003,9.35022
bangladesh,2004,10.05753
bangladesh,2005,10.10484
bangladesh,2006,10.30824
bangladesh,2007,10.56163
bangladesh,2008,10.80503
bangladesh,2009,10.88843
bangladesh,2010,11.87182
bangladesh,2011,12.97017
bangladesh,2012,12.95851
bangladesh,2013,12.57686
bangladesh,2014,13.19521
barbados,1990,0.00105
barbados,1991,0.00105
barbados,1992,0.00105
barbados,1993,0.00105
barbados,1994,0.00105
barbados,1995,0.00105
barbados,1996,0.00116
barbados,1997,0.00126
barbados,1998,0.00137
barbados,1999,0.00147
barbados,2000,0.00158
barbados,2001,0.0016
barbados,2002,0.00162
barbados,2003,0.00164
barbados,2004,0.00166
barbados,2005,0.00168
barbados,2006,0.00171
barbados,2007,0.00175
barbados,2008,0.00178
barbados,2009,0.00181
barbados,2010,0.00184
barbados,2011,0.00186
barbados,2012,0.00189
barbados,2013,0.00191
barbados,2014,0.00194
belarus,1990,18.55177
belarus,1991,17.80191
belarus,1992,16.02205
belarus,1993,14.69218
belarus,1994,11.34232
belarus,1995,10.60246
belarus,1996,10.78665
belarus,1997,9.22084
belarus,1998,8.27503
belarus,1999,8.07922
belarus,2000,8.59341
belarus,2001,7.64336
belarus,2002,7.45331
belarus,2003,7.38326
belarus,2004,7.31321
belarus,2005,7.60316
belarus,2006,7.82184
belarus,2007,7.79053
belarus,2008,8.01921
belarus,2009,7.6679
belarus,2010,7.83658
belarus,2011,7.95296
belarus,2012,8.35933
belarus,2013,8.36571
belarus,2014,7.99209
belgium,1990,27.22257
belgium,1991,30.27644
belgium,1992,30.72031
belgium,1993,30.18418
belgium,1994,30.15805
belgium,1995,31.79192
belgium,1996,36.60903
belgium,1997,33.72614
belgium,1998,33.15324
belgium,1999,31.39035
belgium,2000,30.10746
belgium,2001,31.0448
belgium,2002,29.45214
belgium,2003,31.94949
belgium,2004,32.52683
belgium,2005,32.17418
belgium,2006,29.40816
belgium,2007,25.84214
belgium,2008,29.95613
belgium,2009,27.90011
belgium,2010,30.66409
belgium,2011,25.55179
belgium,2012,26.49948
belgium,2013,28.97718
belgium,2014,23.45487
belize,1990,0.00975
belize,1991,0.00997
belize,1992,0.01018
belize,1993,0.0104
belize,1994,0.01062
belize,1995,0.01084
belize,1996,0.01196
belize,1997,0.01309
belize,1998,0.01422
belize,1999,0.01534
belize,2000,0.01647
belize,2001,0.01679
belize,2002,0.01712
belize,2003,0.01745
belize,2004,0.01778
belize,2005,0.0181
belize,2006,0.01846
belize,2007,0.01882
belize,2008,0.01917
belize,2009,0.01953
belize,2010,0.01989
belize,2011,0.02014
belize,2012,0.02039
belize,2013,0.02063
belize,2014,0.02088
benin,1990,0.81328
benin,1991,0.80902
benin,1992,0.81476
benin,1993,0.8005
benin,1994,0.80625
benin,1995,0.80199
benin,1996,1.00321
benin,1997,1.03443
benin,1998,1.06565
benin,1999,1.09688
benin,2000,1.1181
benin,2001,1.39826
benin,2002,1.53843
benin,2003,1.6786
benin,2004,1.84877
benin,2005,1.98893
benin,2006,2.13271
benin,2007,2.18648
benin,2008,2.25025
benin,2009,2.30403
benin,2010,2.3178
benin,2011,2.36422
benin,2012,2.43064
benin,2013,2.53705
benin,2014,2.64347
bhutan,1990,0.00161
bhutan,1991,0.00153
bhutan,1992,0.00144
bhutan,1993,0.00136
bhutan,1994,0.00127
bhutan,1995,0.00118
bhutan,1996,0.00246
bhutan,1997,0.00373
bhutan,1998,0.00501
bhutan,1999,0.00628
bhutan,2000,0.00756
bhutan,2001,0.0078
bhutan,2002,0.00803
bhutan,2003,0.00827
bhutan,2004,0.0085
bhutan,2005,0.00874
bhutan,2006,0.00909
bhutan,2007,0.00944
bhutan,2008,0.0098
bhutan,2009,0.01015
bhutan,2010,0.0105
bhutan,2011,0.01086
bhutan,2012,0.01121
bhutan,2013,0.01156
bhutan,2014,0.01191
bolivia,1990,1.07281
bolivia,1991,1.09214
bolivia,1992,1.14147
bolivia,1993,1.10079
bolivia,1994,1.15012
bolivia,1995,1.20944
bolivia,1996,1.23909
bolivia,1997,1.34874
bolivia,1998,1.34839
bolivia,1999,1.32804
bolivia,2000,1.75769
bolivia,2001,1.80303
bolivia,2002,1.89837
bolivia,2003,2.0237
bolivia,2004,2.39904
bolivia,2005,2.40438
bolivia,2006,2.66335
bolivia,2007,2.73232
bolivia,2008,2.96129
bolivia,2009,2.90026
bolivia,2010,3.53923
bolivia,2011,3.7584
bolivia,2012,4.86757
bolivia,2013,4.28674
bolivia,2014,4.76591
bosnia_herzegovina,1990,5.20156
bosnia_herzegovina,1991,5.17105
bosnia_herzegovina,1992,4.36054
bosnia_herzegovina,1993,3.85003
bosnia_herzegovina,1994,0.80952
bosnia_herzegovina,1995,0.87901
bosnia_herzegovina,1996,0.71055
bosnia_herzegovina,1997,1.02209
bosnia_herzegovina,1998,0.91362
bosnia_herzegovina,1999,0.87516
bosnia_herzegovina,2000,1.2467
bosnia_herzegovina,2001,1.31697
bosnia_herzegovina,2002,1.17724
bosnia_herzegovina,2003,1.78751
bosnia_herzegovina,2004,1.75778
bosnia_herzegovina,2005,1.96805
bosnia_herzegovina,2006,1.58824
bosnia_herzegovina,2007,1.73842
bosnia_herzegovina,2008,2.07861
bosnia_herzegovina,2009,1.33879
bosnia_herzegovina,2010,1.63898
bosnia_herzegovina,2011,1.68934
bosnia_herzegovina,2012,1.5497
bosnia_herzegovina,2013,1.27005
bosnia_herzegovina,2014,1.30041
botswana,1990,0.74727
botswana,1991,0.77891
botswana,1992,0.82055
botswana,1993,0.87219
botswana,1994,0.90383
botswana,1995,0.91547
botswana,1996,0.92839
botswana,1997,0.9213
botswana,1998,1.15422
botswana,1999,1.00714
botswana,2000,1.08005
botswana,2001,1.16565
botswana,2002,1.19125
botswana,2003,1.10684
botswana,2004,1.05244
botswana,2005,0.98803
botswana,2006,1.01567
botswana,2007,1.15331
botswana,2008,1.06096
botswana,2009,1.1286
botswana,2010,1.09624
botswana,2011,1.08836
botswana,2012,1.13048
botswana,2013,1.1326
botswana,2014,1.17473
brazil,1990,43.25561
brazil,1991,42.61971
brazil,1992,43.55381
brazil,1993,44.4079
brazil,1994,45.802
brazil,1995,47.2761
brazil,1996,47.99765
brazil,1997,50.0992
brazil,1998,48.73075
brazil,1999,50.1923
brazil,2000,49.64385
brazil,2001,52.0506
brazil,2002,52.29735
brazil,2003,50.9741
brazil,2004,52.25085
brazil,2005,52.3176
brazil,2006,52.84794
brazil,2007,54.88828
brazil,2008,57.21862
brazil,2009,56.79896
brazil,2010,58.22929
brazil,2011,58.32441
brazil,2012,59.30952
brazil,2013,59.97463
brazil,2014,61.25974
brunei,1990,0.05071
brunei,1991,0.05057
brunei,1992,0.05043
brunei,1993,0.06028
brunei,1994,0.06014
brunei,1995,0.06
brunei,1996,0.06
brunei,1997,0.07
brunei,1998,0.06
brunei,1999,0.06
brunei,2000,0.06
brunei,2001,0.06
brunei,2002,0.06
brunei,2003,0.06
brunei,2004,0.05
brunei,2005,0.05
brunei,2006,0.08
brunei,2007,0.11
brunei,2008,0.24
brunei,2009,0.22
brunei,2010,0.1
brunei,2011,0.1
brunei,2012,0.1
brunei,2013,0.15
brunei,2014,0.18
bulgaria,1990,8.46396
bulgaria,1991,6.19087
bulgaria,1992,5.88779
bulgaria,1993,6.4247
bulgaria,1994,5.93162
bulgaria,1995,4.56853
bulgaria,1996,5.04023
bulgaria,1997,3.56192
bulgaria,1998,3.75361
bulgaria,1999,3.21531
bulgaria,2000,2.717
bulgaria,2001,2.55773
bulgaria,2002,2.92847
bulgaria,2003,3.1092
bulgaria,2004,2.64994
bulgaria,2005,2.66067
bulgaria,2006,2.9212
bulgaria,2007,2.64174
bulgaria,2008,2.40227
bulgaria,2009,2.18281
bulgaria,2010,2.34334
bulgaria,2011,2.59576
bulgaria,2012,2.54817
bulgaria,2013,2.29059
bulgaria,2014,2.063
burkina_faso,1990,0.00512
burkina_faso,1991,0.00541
burkina_faso,1992,0.0057
burkina_faso,1993,0.006
burkina_faso,1994,0.00629
burkina_faso,1995,0.00658
burkina_faso,1996,0.0066
burkina_faso,1997,0.00662
burkina_faso,1998,0.00663
burkina_faso,1999,0.00665
burkina_faso,2000,0.00667
burkina_faso,2001,0.00676
burkina_faso,2002,0.00685
burkina_faso,2003,0.00694
burkina_faso,2004,0.00703
burkina_faso,2005,0.00712
burkina_faso,2006,0.00729
burkina_faso,2007,0.00747
burkina_faso,2008,0.00764
burkina_faso,2009,0.00781
burkina_faso,2010,0.00798
burkina_faso,2011,0.0081
burkina_faso,2012,0.00821
burkina_faso,2013,0.00833
burkina_faso,2014,0.00844
burundi,1990,0.49184
burundi,1991,0.53181
burundi,1992,0.57177
burundi,1993,0.61173
burundi,1994,0.65169
burundi,1995,0.69166
burundi,1996,0.65797
burundi,1997,0.62428
burundi,1998,0.59059
burundi,1999,0.5569
burundi,2000,0.52321
burundi,2001,0.45597
burundi,2002,0.38873
burundi,2003,0.32149
burundi,2004,0.25424
burundi,2005,0.187
burundi,2006,0.19159
burundi,2007,0.19617
burundi,2008,0.20076
burundi,2009,0.20534
burundi,2010,0.20993
burundi,2011,0.21297
burundi,2012,0.21602
burundi,2013,0.21906
burundi,2014,0.22211
cambodia,1990,0.74293
cambodia,1991,0.88511
cambodia,1992,1.02729
cambodia,1993,1.16947
cambodia,1994,1.31165
cambodia,1995,1.57382
cambodia,1996,1.61323
cambodia,1997,1.64265
cambodia,1998,1.66206
cambodia,1999,1.71147
cambodia,2000,1.79088
cambodia,2001,1.78211
cambodia,2002,1.90333
cambodia,2003,2.05456
cambodia,2004,2.00579
cambodia,2005,2.06702
cambodia,2006,2.11845
cambodia,2007,2.13988
cambodia,2008,2.27131
cambodia,2009,2.44274
cambodia,2010,2.54417
cambodia,2011,2.56849
cambodia,2012,2.69281
cambodia,2013,2.82713
cambodia,2014,2.99146
cameroon,1990,2.72926
cameroon,1991,2.73814
cameroon,1992,2.60701
cameroon,1993,2.64589
cameroon,1994,2.73477
cameroon,1995,2.70364
cameroon,1996,2.71835
cameroon,1997,2.80305
cameroon,1998,2.90776
cameroon,1999,2.90246
cameroon,2000,3.10717
cameroon,2001,3.03294
cameroon,2002,2.9887
cameroon,2003,3.05447
cameroon,2004,3.05023
cameroon,2005,3.016
cameroon,2006,2.9687
cameroon,2007,2.96139
cameroon,2008,2.96409
cameroon,2009,2.98679
cameroon,2010,3.01949
cameroon,2011,3.05318
cameroon,2012,3.09686
cameroon,2013,3.14054
cameroon,2014,3.18422
canada,1990,93.3603
canada,1991,92.29873
canada,1992,95.09716
canada,1993,99.36559
canada,1994,100.97403
canada,1995,101.71246
canada,1996,108.06442
canada,1997,107.31638
canada,1998,99.83834
canada,1999,104.4803
canada,2000,112.42226
canada,2001,107.59771
canada,2002,110.10317
canada,2003,114.14862
canada,2004,110.35407
canada,2005,116.71953
canada,2006,110.32754
canada,2007,114.24556
canada,2008,112.14357
canada,2009,106.68158
canada,2010,104.7596
canada,2011,112.04715
canada,2012,106.04469
canada,2013,110.29224
canada,2014,113.92979
cape_verde,1990,0.00287
cape_verde,1991,0.00296
cape_verde,1992,0.00304
cape_verde,1993,0.00313
cape_verde,1994,0.00322
cape_verde,1995,0.00331
cape_verde,1996,0.00453
cape_verde,1997,0.00575
cape_verde,1998,0.00696
cape_verde,1999,0.00818
cape_verde,2000,0.0094
cape_verde,2001,0.00943
cape_verde,2002,0.00946
cape_verde,2003,0.00949
cape_verde,2004,0.00951
cape_verde,2005,0.00954
cape_verde,2006,0.00976
cape_verde,2007,0.00997
cape_verde,2008,0.01019
cape_verde,2009,0.0104
cape_verde,2010,0.01062
cape_verde,2011,0.01076
cape_verde,2012,0.01091
cape_verde,2013,0.01106
cape_verde,2014,0.0112
central_african_republic,1990,15.89235
central_african_republic,1991,16.61854
central_african_republic,1992,17.34473
central_african_republic,1993,18.07092
central_african_republic,1994,18.79711
central_african_republic,1995,19.52329
central_african_republic,1996,19.77004
central_african_republic,1997,20.01678
central_african_republic,1998,20.26352
central_african_republic,1999,20.51026
central_african_republic,2000,20.757
central_african_republic,2001,21.21383
central_african_republic,2002,21.67066
central_african_republic,2003,22.12749
central_african_republic,2004,22.58433
central_african_republic,2005,23.04116
central_african_republic,2006,23.62334
central_african_republic,2007,24.20551
central_african_republic,2008,24.78769
central_african_republic,2009,25.36987
central_african_republic,2010,25.95205
central_african_republic,2011,26.33522
central_african_republic,2012,26.7184
central_african_republic,2013,27.10158
central_african_republic,2014,27.48476
chile,1990,4.98149
chile,1991,5.49279
chile,1992,6.0841
chile,1993,6.26541
chile,1994,6.57672
chile,1995,6.56803
chile,1996,6.68516
chile,1997,7.28229
chile,1998,6.34942
chile,1999,6.65655
chile,2000,6.91368
chile,2001,6.88293
chile,2002,6.84217
chile,2003,6.46142
chile,2004,7.11066
chile,2005,6.63991
chile,2006,6.66228
chile,2007,7.17464
chile,2008,7.35701
chile,2009,7.61937
chile,2010,8.40174
chile,2011,9.48148
chile,2012,8.74122
chile,2013,8.60097
chile,2014,8.08071
china,1990,621.10918
china,1991,622.92545
china,1992,594.46171
china,1993,610.40798
china,1994,593.77424
china,1995,615.72051
china,1996,506.85796
china,1997,571.41541
china,1998,521.60286
china,1999,531.43031
china,2000,465.69776
china,2001,477.42004
china,2002,495.35233
china,2003,538.28461
china,2004,600.02689
china,2005,630.14918
china,2006,655.5796
china,2007,672.64002
china,2008,659.16044
china,2009,674.42086
china,2010,704.70128
china,2011,738.33819
china,2012,765.15509
china,2013,798.522
china,2014,812.1289
colombia,1990,8.38103
colombia,1991,8.37395
colombia,1992,8.35687
colombia,1993,8.88979
colombia,1994,10.85271
colombia,1995,8.49562
colombia,1996,8.85994
colombia,1997,8.72426
colombia,1998,8.74857
colombia,1999,8.31289
colombia,2000,8.1472
colombia,2001,7.64131
colombia,2002,8.16541
colombia,2003,8.16951
colombia,2004,7.53361
colombia,2005,7.60771
colombia,2006,8.5416
colombia,2007,8.60549
colombia,2008,8.79937
colombia,2009,9.41326
colombia,2010,9.56715
colombia,2011,10.68852
colombia,2012,10.85989
colombia,2013,11.72126
colombia,2014,11.84263
congo,1990,0.42173
congo,1991,0.42082
congo,1992,0.40991
congo,1993,0.399
congo,1994,0.37809
congo,1995,0.37718
congo,1996,0.36558
congo,1997,0.34398
congo,1998,0.30238
congo,1999,0.33079
congo,2000,0.35919
congo,2001,0.36245
congo,2002,0.36571
congo,2003,0.37897
congo,2004,0.31223
congo,2005,0.36549
congo,2006,0.37031
congo,2007,0.38514
congo,2008,0.39996
congo,2009,0.42478
congo,2010,0.43961
congo,2011,0.44488
congo,2012,0.42015
congo,2013,0.43542
congo,2014,0.44069
congo_dem_republic,1990,6.47027
congo_dem_republic,1991,6.08417
congo_dem_republic,1992,5.91806
congo_dem_republic,1993,5.87196
congo_dem_republic,1994,5.70586
congo_dem_republic,1995,5.62975
congo_dem_republic,1996,5.54945
congo_dem_republic,1997,5.47916
congo_dem_republic,1998,5.50886
congo_dem_republic,1999,5.42856
congo_dem_republic,2000,4.59826
congo_dem_republic,2001,4.68936
congo_dem_republic,2002,4.80045
congo_dem_republic,2003,4.92154
congo_dem_republic,2004,5.02264
congo_dem_republic,2005,5.16373
congo_dem_republic,2006,5.25285
congo_dem_republic,2007,5.33198
congo_dem_republic,2008,5.4011
congo_dem_republic,2009,5.53022
congo_dem_republic,2010,5.60935
congo_dem_republic,2011,5.65488
congo_dem_republic,2012,5.70042
congo_dem_republic,2013,5.74596
congo_dem_republic,2014,5.7715
costa_rica,1990,0.47448
costa_rica,1991,0.51028
costa_rica,1992,0.51609
costa_rica,1993,0.5219
costa_rica,1994,0.5277
costa_rica,1995,0.52351
costa_rica,1996,0.57665
costa_rica,1997,0.59978
costa_rica,1998,0.62292
costa_rica,1999,0.69605
costa_rica,2000,0.72918
costa_rica,2001,0.80412
costa_rica,2002,0.78906
costa_rica,2003,0.77399
costa_rica,2004,0.66893
costa_rica,2005,0.71387
costa_rica,2006,0.7712
costa_rica,2007,0.79854
costa_rica,2008,0.81587
costa_rica,2009,0.83321
costa_rica,2010,0.80054
costa_rica,2011,0.81668
costa_rica,2012,0.83282
costa_rica,2013,0.84895
costa_rica,2014,0.88509
cote_d_ivoire,1990,8.71207
cote_d_ivoire,1991,8.83036
cote_d_ivoire,1992,8.88865
cote_d_ivoire,1993,8.96694
cote_d_ivoire,1994,9.05523
cote_d_ivoire,1995,9.18352
cote_d_ivoire,1996,7.75254
cote_d_ivoire,1997,6.33157
cote_d_ivoire,1998,4.82059
cote_d_ivoire,1999,4.69961
cote_d_ivoire,2000,3.14864
cote_d_ivoire,2001,3.08381
cote_d_ivoire,2002,2.99899
cote_d_ivoire,2003,2.81416
cote_d_ivoire,2004,2.87933
cote_d_ivoire,2005,2.62451
cote_d_ivoire,2006,3.03403
cote_d_ivoire,2007,2.97356
cote_d_ivoire,2008,2.99308
cote_d_ivoire,2009,2.39261
cote_d_ivoire,2010,2.47213
cote_d_ivoire,2011,2.30141
cote_d_ivoire,2012,2.54069
cote_d_ivoire,2013,2.80997
cote_d_ivoire,2014,2.84925
croatia,1990,3.8684
croatia,1991,3.09326
croatia,1992,2.55811
croatia,1993,2.73296
croatia,1994,2.79782
croatia,1995,2.98267
croatia,1996,2.9324
croatia,1997,3.30213
croatia,1998,3.41185
croatia,1999,3.76158
croatia,2000,3.62131
croatia,2001,3.84105
croatia,2002,3.9408
croatia,2003,4.17055
croatia,2004,4.10029
croatia,2005,4.13004
croatia,2006,3.89088
croatia,2007,3.57172
croatia,2008,3.65256
croatia,2009,3.68339
croatia,2010,3.73423
croatia,2011,3.48948
croatia,2012,3.18472
croatia,2013,3.02997
croatia,2014,2.78521
cuba,1990,6.45483
cuba,1991,5.39786
cuba,1992,4.42089
cuba,1993,3.62392
cuba,1994,3.63695
cuba,1995,3.58998
cuba,1996,4.12267
cuba,1997,4.20536
cuba,1998,3.75805
cuba,1999,3.90074
cuba,2000,4.19342
cuba,2001,3.77342
cuba,2002,3.33342
cuba,2003,4.33341
cuba,2004,4.82341
cuba,2005,4.5134
cuba,2006,3.56123
cuba,2007,3.52906
cuba,2008,3.41689
cuba,2009,4.10472
cuba,2010,4.69255
cuba,2011,4.31392
cuba,2012,4.4653
cuba,2013,4.43668
cuba,2014,4.53805
cyprus,1990,0.18123
cyprus,1991,0.18132
cyprus,1992,0.2114
cyprus,1993,0.20149
cyprus,1994,0.20157
cyprus,1995,0.20166
cyprus,1996,0.2016
cyprus,1997,0.21154
cyprus,1998,0.21148
cyprus,1999,0.20142
cyprus,2000,0.23136
cyprus,2001,0.23168
cyprus,2002,0.25199
cyprus,2003,0.26231
cyprus,2004,0.24262
cyprus,2005,0.54294
cyprus,2006,0.67349
cyprus,2007,0.65403
cyprus,2008,0.62458
cyprus,2009,0.63513
cyprus,2010,0.57567
cyprus,2011,0.63583
cyprus,2012,0.60598
cyprus,2013,0.52614
cyprus,2014,0.47629
czech_republic,1990,31.16603
czech_republic,1991,29.43371
czech_republic,1992,21.2314
czech_republic,1993,24.37908
czech_republic,1994,23.18677
czech_republic,1995,22.00445
czech_republic,1996,19.26152
czech_republic,1997,18.19858
czech_republic,1998,16.78564
czech_republic,1999,16.64271
czech_republic,2000,16.91977
czech_republic,2001,17.19693
czech_republic,2002,16.21408
czech_republic,2003,17.63124
czech_republic,2004,17.27839
czech_republic,2005,15.09555
czech_republic,2006,15.74683
czech_republic,2007,13.52811
czech_republic,2008,14.05939
czech_republic,2009,13.78067
czech_republic,2010,14.97195
czech_republic,2011,13.78573
czech_republic,2012,13.61951
czech_republic,2013,14.12329
czech_republic,2014,11.77707
denmark,1990,9.18172
denmark,1991,9.53625
denmark,1992,8.89078
denmark,1993,9.55531
denmark,1994,8.88984
denmark,1995,8.98437
denmark,1996,9.65472
denmark,1997,8.92506
denmark,1998,8.6454
denmark,1999,8.46574
denmark,2000,7.89608
denmark,2001,8.00011
denmark,2002,7.70415
denmark,2003,7.68818
denmark,2004,7.41222
denmark,2005,7.27625
denmark,2006,7.11127
denmark,2007,6.63628
denmark,2008,6.5313
denmark,2009,6.42631
denmark,2010,6.79133
denmark,2011,6.07763
denmark,2012,5.84393
denmark,2013,5.82023
denmark,2014,5.03653
djibouti,1990,0.00046
djibouti,1991,0.00051
djibouti,1992,0.00055
djibouti,1993,0.00059
djibouti,1994,0.00064
djibouti,1995,0.00068
djibouti,1996,0.00066
djibouti,1997,0.00065
djibouti,1998,0.00063
djibouti,1999,0.00062
djibouti,2000,0.0006
djibouti,2001,0.00059
djibouti,2002,0.00059
djibouti,2003,0.00058
djibouti,2004,0.00057
djibouti,2005,0.00056
djibouti,2006,0.00057
djibouti,2007,0.00058
djibouti,2008,0.0006
djibouti,2009,0.00061
djibouti,2010,0.00062
djibouti,2011,0.00063
djibouti,2012,0.00063
djibouti,2013,0.00064
djibouti,2014,0.00065
dominica,1990,0.0002
dominica,1991,0.0002
dominica,1992,0.0002
dominica,1993,0.00021
dominica,1994,0.00021
dominica,1995,0.00021
dominica,1996,0.00023
dominica,1997,0.00026
dominica,1998,0.00028
dominica,1999,0.0003
dominica,2000,0.00032
dominica,2001,0.00032
dominica,2002,0.00033
dominica,2003,0.00033
dominica,2004,0.00034
dominica,2005,0.00034
dominica,2006,0.00035
dominica,2007,0.00035
dominica,2008,0.00036
dominica,2009,0.00037
dominica,2010,0.00037
dominica,2011,0.00038
dominica,2012,0.00038
dominica,2013,0.00039
dominica,2014,0.00039
dominican_republic,1990,1.52333
dominican_republic,1991,1.55142
dominican_republic,1992,1.92951
dominican_republic,1993,2.1676
dominican_republic,1994,2.23569
dominican_republic,1995,2.42378
dominican_republic,1996,2.66384
dominican_republic,1997,2.91389
dominican_republic,1998,2.10395
dominican_republic,1999,2.174
dominican_republic,2000,2.32405
dominican_republic,2001,2.34242
dominican_republic,2002,2.27079
dominican_republic,2003,2.09916
dominican_republic,2004,2.29753
dominican_republic,2005,2.3859
dominican_republic,2006,2.64495
dominican_republic,2007,2.72399
dominican_republic,2008,2.80304
dominican_republic,2009,2.85209
dominican_republic,2010,2.82114
dominican_republic,2011,2.69946
dominican_republic,2012,2.74778
dominican_republic,2013,2.7761
dominican_republic,2014,2.81442
ecuador,1990,2.25031
ecuador,1991,2.22106
ecuador,1992,2.27181
ecuador,1993,2.29256
ecuador,1994,2.38331
ecuador,1995,2.57407
ecuador,1996,2.7303
ecuador,1997,2.83653
ecuador,1998,2.87276
ecuador,1999,2.75899
ecuador,2000,2.98523
ecuador,2001,3.5511
ecuador,2002,3.52697
ecuador,2003,3.67285
ecuador,2004,4.91872
ecuador,2005,5.25459
ecuador,2006,5.48678
ecuador,2007,6.15896
ecuador,2008,6.68115
ecuador,2009,7.28334
ecuador,2010,6.63552
ecuador,2011,7.06138
ecuador,2012,7.59724
ecuador,2013,7.2631
ecuador,2014,8.25896
egypt,1990,15.16553
egypt,1991,14.19253
egypt,1992,13.51954
egypt,1993,12.02654
egypt,1994,12.70354
egypt,1995,12.83055
egypt,1996,12.56779
egypt,1997,13.40503
egypt,1998,13.10226
egypt,1999,11.7495
egypt,2000,11.59674
egypt,2001,11.83023
egypt,2002,12.25372
egypt,2003,12.14721
egypt,2004,14.92069
egypt,2005,18.07418
egypt,2006,18.63851
egypt,2007,20.32283
egypt,2008,21.26716
egypt,2009,22.93148
egypt,2010,23.05581
egypt,2011,23.41428
egypt,2012,23.30275
egypt,2013,21.58122
egypt,2014,21.31969
el_salvador,1990,0.80165
el_salvador,1991,0.87336
el_salvador,1992,0.95508
el_salvador,1993,1.05679
el_salvador,1994,1.1285
el_salvador,1995,1.25022
el_salvador,1996,1.24375
el_salvador,1997,1.40729
el_salvador,1998,1.47083
el_salvador,1999,1.46436
el_salvador,2000,1.4979
el_salvador,2001,1.5327
el_salvador,2002,1.48749
el_salvador,2003,1.62229
el_salvador,2004,1.62709
el_salvador,2005,1.63189
el_salvador,2006,1.74661
el_salvador,2007,1.66133
el_salvador,2008,1.69605
el_salvador,2009,1.74078
el_salvador,2010,1.7955
el_salvador,2011,1.73265
el_salvador,2012,1.8598
el_salvador,2013,1.93695
el_salvador,2014,1.9641
eritrea,1990,1.9902
eritrea,1991,2.02423
eritrea,1992,2.08826
eritrea,1993,2.14229
eritrea,1994,2.17633
eritrea,1995,2.24036
eritrea,1996,2.11806
eritrea,1997,1.97577
eritrea,1998,1.84348
eritrea,1999,1.71118
eritrea,2000,1.58889
eritrea,2001,1.56221
eritrea,2002,1.53553
eritrea,2003,1.49885
eritrea,2004,1.48216
eritrea,2005,1.44548
eritrea,2006,1.39313
eritrea,2007,1.34078
eritrea,2008,1.26843
eritrea,2009,1.21608
eritrea,2010,1.15374
eritrea,2011,1.1659
eritrea,2012,1.17806
eritrea,2013,1.19022
eritrea,2014,1.20238
estonia,1990,2.66256
estonia,1991,2.68715
estonia,1992,1.41174
estonia,1993,1.10633
estonia,1994,0.90092
estonia,1995,0.80551
estonia,1996,0.97389
estonia,1997,0.90228
estonia,1998,0.83066
estonia,1999,0.64905
estonia,2000,0.68743
estonia,2001,0.86302
estonia,2002,0.8186
estonia,2003,0.88418
estonia,2004,0.86976
estonia,2005,0.85535
estonia,2006,0.76628
estonia,2007,0.7272
estonia,2008,0.73813
estonia,2009,0.68906
estonia,2010,0.69999
estonia,2011,0.79283
estonia,2012,0.81567
estonia,2013,0.81851
estonia,2014,0.90135
ethiopia,1990,8.7198
ethiopia,1991,9.00396
ethiopia,1992,9.21812
ethiopia,1993,9.60228
ethiopia,1994,9.93645
ethiopia,1995,10.29061
ethiopia,1996,10.91921
ethiopia,1997,11.4978
ethiopia,1998,12.0164
ethiopia,1999,12.515
ethiopia,2000,13.09359
ethiopia,2001,13.76761
ethiopia,2002,14.21163
ethiopia,2003,14.95564
ethiopia,2004,15.24966
ethiopia,2005,15.46367
ethiopia,2006,15.91412
ethiopia,2007,16.41456
ethiopia,2008,16.835
ethiopia,2009,17.17544
ethiopia,2010,17.51589
ethiopia,2011,17.7715
ethiopia,2012,18.18711
ethiopia,2013,18.51272
ethiopia,2014,18.82833
european_union_28,1990,864.44835
european_union_28,1991,906.44613
european_union_28,1992,848.81391
european_union_28,1993,857.84169
european_union_28,1994,816.34947
european_union_28,1995,825.05725
european_union_28,1996,886.42051
european_union_28,1997,834.08376
european_union_28,1998,821.55701
european_union_28,1999,801.17026
european_union_28,2000,775.15352
european_union_28,2001,812.74155
european_union_28,2002,781.13957
european_union_28,2003,801.9776
european_union_28,2004,803.40563
european_union_28,2005,804.93365
european_union_28,2006,794.25311
european_union_28,2007,710.54256
european_union_28,2008,760.03202
european_union_28,2009,735.15148
european_union_28,2010,777.60093
european_union_28,2011,683.9195
european_union_28,2012,702.53807
european_union_28,2013,713.31664
european_union_28,2014,625.74521
finland,1990,9.95021
finland,1991,9.87407
finland,1992,9.92792
finland,1993,8.84178
finland,1994,8.94563
finland,1995,9.02949
finland,1996,8.97575
finland,1997,8.58201
finland,1998,8.74827
finland,1999,7.83453
finland,2000,7.21079
finland,2001,7.85971
finland,2002,7.64862
finland,2003,7.87753
finland,2004,7.26645
finland,2005,7.01536
finland,2006,6.81417
finland,2007,6.86298
finland,2008,6.19179
finland,2009,6.1606
finland,2010,6.57941
finland,2011,5.7478
finland,2012,5.95619
finland,2013,5.58458
finland,2014,5.36297
france,1990,105.29986
france,1991,115.19544
france,1992,112.95102
france,1993,110.1766
france,1994,104.51218
france,1995,104.46776
france,1996,113.37133
france,1997,107.69491
france,1998,113.08848
france,1999,114.37206
france,2000,107.39563
france,2001,112.54028
france,2002,106.29493
france,2003,111.13958
france,2004,115.48423
france,2005,118.71888
france,2006,113.31266
france,2007,105.38644
france,2008,112.19023
france,2009,109.79401
france,2010,108.87779
france,2011,92.1756
france,2012,96.9434
france,2013,99.14121
france,2014,87.38901
gabon,1990,2.0701
gabon,1991,2.09633
gabon,1992,2.08256
gabon,1993,2.08879
gabon,1994,2.10502
gabon,1995,2.10125
gabon,1996,1.78165
gabon,1997,1.46204
gabon,1998,1.12244
gabon,1999,0.78283
gabon,2000,0.43323
gabon,2001,0.42927
gabon,2002,0.4653
gabon,2003,0.46134
gabon,2004,0.46738
gabon,2005,0.49341
gabon,2006,0.49761
gabon,2007,0.5218
gabon,2008,0.52599
gabon,2009,0.53018
gabon,2010,0.62438
gabon,2011,0.64736
gabon,2012,0.67034
gabon,2013,0.70333
gabon,2014,0.69631
gambia,1990,0.06012
gambia,1991,0.06301
gambia,1992,0.06589
gambia,1993,0.06878
gambia,1994,0.07166
gambia,1995,0.07455
gambia,1996,0.07352
gambia,1997,0.07248
gambia,1998,0.07145
gambia,1999,0.07042
gambia,2000,0.06938
gambia,2001,0.06922
gambia,2002,0.06905
gambia,2003,0.06888
gambia,2004,0.06871
gambia,2005,0.06854
gambia,2006,0.07003
gambia,2007,0.07151
gambia,2008,0.073
gambia,2009,0.07448
gambia,2010,0.07596
gambia,2011,0.07698
gambia,2012,0.07801
gambia,2013,0.07903
gambia,2014,0.08005
georgia,1990,7.73059
georgia,1991,6.89098
georgia,1992,6.30138
georgia,1993,5.93177
georgia,1994,3.05216
georgia,1995,1.18255
georgia,1996,1.33162
georgia,1997,1.46068
georgia,1998,1.58975
georgia,1999,1.41882
georgia,2000,1.55788
georgia,2001,0.97015
georgia,2002,0.79242
georgia,2003,0.80469
georgia,2004,0.89696
georgia,2005,1.21922
georgia,2006,1.18923
georgia,2007,1.32923
georgia,2008,1.49923
georgia,2009,1.30923
georgia,2010,1.32923
georgia,2011,1.57114
georgia,2012,1.91304
georgia,2013,1.46494
georgia,2014,1.88684
germany,1990,225.67081
germany,1991,224.76433
germany,1992,206.95786
germany,1993,211.44138
germany,1994,199.76491
germany,1995,201.57843
germany,1996,226.23401
germany,1997,211.3496
germany,1998,202.42518
germany,1999,184.81076
germany,2000,180.17635
germany,2001,196.39511
germany,2002,184.33388
germany,2003,182.00264
germany,2004,172.25141
germany,2005,168.92017
germany,2006,177.46938
germany,2007,138.73859
germany,2008,163.0378
germany,2009,152.38701
germany,2010,161.40622
germany,2011,140.5412
germany,2012,147.92619
germany,2013,158.27117
germany,2014,137.72615
ghana,1990,2.10689
ghana,1991,2.02552
ghana,1992,2.15416
ghana,1993,2.2328
ghana,1994,2.37144
ghana,1995,2.51007
ghana,1996,2.63464
ghana,1997,2.70921
ghana,1998,2.88377
ghana,1999,2.97834
ghana,2000,2.91291
ghana,2001,3.19244
ghana,2002,2.90198
ghana,2003,3.23152
ghana,2004,3.42106
ghana,2005,3.53059
ghana,2006,3.567
ghana,2007,3.85341
ghana,2008,4.14983
ghana,2009,4.24624
ghana,2010,4.08265
ghana,2011,4.22316
ghana,2012,4.42368
ghana,2013,4.3542
ghana,2014,4.31471
greece,1990,9.13637
greece,1991,9.4505
greece,1992,9.10463
greece,1993,8.97876
greece,1994,9.05289
greece,1995,9.13702
greece,1996,11.03804
greece,1997,11.30906
greece,1998,11.67008
greece,1999,11.51109
greece,2000,12.12211
greece,2001,12.96666
greece,2002,13.51121
greece,2003,15.40576
greece,2004,14.61031
greece,2005,15.26486
greece,2006,15.16094
greece,2007,13.88702
greece,2008,13.6031
greece,2009,11.81918
greece,2010,10.67525
greece,2011,12.68298
greece,2012,10.1007
greece,2013,6.59843
greece,2014,6.46615
grenada,1990,0.00039
grenada,1991,0.0004
grenada,1992,0.00041
grenada,1993,0.00041
grenada,1994,0.00042
grenada,1995,0.00043
grenada,1996,0.00047
grenada,1997,0.00051
grenada,1998,0.00055
grenada,1999,0.0006
grenada,2000,0.00064
grenada,2001,0.00065
grenada,2002,0.00066
grenada,2003,0.00067
grenada,2004,0.00068
grenada,2005,0.00068
grenada,2006,0.0007
grenada,2007,0.00071
grenada,2008,0.00072
grenada,2009,0.00073
grenada,2010,0.00075
grenada,2011,0.00076
grenada,2012,0.00077
grenada,2013,0.00078
grenada,2014,0.00079
guatemala,1990,2.27166
guatemala,1991,2.29293
guatemala,1992,2.3342
guatemala,1993,2.35546
guatemala,1994,2.38673
guatemala,1995,2.47799
guatemala,1996,2.62328
guatemala,1997,2.78858
guatemala,1998,2.95387
guatemala,1999,3.18916
guatemala,2000,3.32445
guatemala,2001,3.40804
guatemala,2002,3.46162
guatemala,2003,3.07521
guatemala,2004,3.1688
guatemala,2005,3.08238
guatemala,2006,3.11926
guatemala,2007,3.15614
guatemala,2008,3.18302
guatemala,2009,3.15989
guatemala,2010,3.20677
guatemala,2011,3.29739
guatemala,2012,3.44801
guatemala,2013,3.52862
guatemala,2014,3.53924
guinea,1990,0.46348
guinea,1991,0.50072
guinea,1992,0.53796
guinea,1993,0.5752
guinea,1994,0.61243
guinea,1995,0.64967
guinea,1996,0.63985
guinea,1997,0.63003
guinea,1998,0.62021
guinea,1999,0.61039
guinea,2000,0.60057
guinea,2001,0.59832
guinea,2002,0.59607
guinea,2003,0.59382
guinea,2004,0.59156
guinea,2005,0.58931
guinea,2006,0.60193
guinea,2007,0.61456
guinea,2008,0.62718
guinea,2009,0.63981
guinea,2010,0.65243
guinea,2011,0.66115
guinea,2012,0.66987
guinea,2013,0.67859
guinea,2014,0.68731
guinea_bissau,1990,0.00031
guinea_bissau,1991,0.00034
guinea_bissau,1992,0.00037
guinea_bissau,1993,0.0004
guinea_bissau,1994,0.00042
guinea_bissau,1995,0.00045
guinea_bissau,1996,0.00044
guinea_bissau,1997,0.00043
guinea_bissau,1998,0.00042
guinea_bissau,1999,0.00041
guinea_bissau,2000,0.0004
guinea_bissau,2001,0.0004
guinea_bissau,2002,0.00039
guinea_bissau,2003,0.00038
guinea_bissau,2004,0.00038
guinea_bissau,2005,0.00037
guinea_bissau,2006,0.00038
guinea_bissau,2007,0.00039
guinea_bissau,2008,0.0004
guinea_bissau,2009,0.0004
guinea_bissau,2010,0.00041
guinea_bissau,2011,0.00042
guinea_bissau,2012,0.00042
guinea_bissau,2013,0.00043
guinea_bissau,2014,0.00043
guyana,1990,0.01972
guyana,1991,0.01998
guyana,1992,0.02023
guyana,1993,0.02049
guyana,1994,0.02074
guyana,1995,0.021
guyana,1996,0.02174
guyana,1997,0.02248
guyana,1998,0.02322
guyana,1999,0.02396
guyana,2000,0.0247
guyana,2001,0.02504
guyana,2002,0.02538
guyana,2003,0.02571
guyana,2004,0.02605
guyana,2005,0.02639
guyana,2006,0.02687
guyana,2007,0.02736
guyana,2008,0.02785
guyana,2009,0.02833
guyana,2010,0.02882
guyana,2011,0.02921
guyana,2012,0.0296
guyana,2013,0.02999
guyana,2014,0.03039
haiti,1990,0.58945
haiti,1991,0.58015
haiti,1992,0.58086
haiti,1993,0.60157
haiti,1994,0.58228
haiti,1995,0.66298
haiti,1996,0.6965
haiti,1997,0.73001
haiti,1998,0.76353
haiti,1999,0.83704
haiti,2000,0.96056
haiti,2001,1.04049
haiti,2002,1.04042
haiti,2003,1.06035
haiti,2004,1.09029
haiti,2005,1.15022
haiti,2006,1.181
haiti,2007,1.16177
haiti,2008,1.18255
haiti,2009,1.17333
haiti,2010,1.19411
haiti,2011,1.20891
haiti,2012,1.09371
haiti,2013,1.15851
haiti,2014,1.15331
honduras,1990,1.00918
honduras,1991,1.04787
honduras,1992,1.13656
honduras,1993,1.11525
honduras,1994,1.15394
honduras,1995,1.19263
honduras,1996,1.21277
honduras,1997,1.2529
honduras,1998,1.27304
honduras,1999,1.56317
honduras,2000,1.21331
honduras,2001,2.04983
honduras,2002,2.16634
honduras,2003,2.56286
honduras,2004,2.53937
honduras,2005,2.59589
honduras,2006,2.37856
honduras,2007,1.65123
honduras,2008,1.87389
honduras,2009,1.98656
honduras,2010,1.99923
honduras,2011,1.79461
honduras,2012,1.87998
honduras,2013,1.89536
honduras,2014,2.13074
hungary,1990,20.79921
hungary,1991,21.12924
hungary,1992,16.85928
hungary,1993,17.27932
hungary,1994,17.70936
hungary,1995,16.8094
hungary,1996,17.31758
hungary,1997,15.99576
hungary,1998,15.02394
hungary,1999,15.59212
hungary,2000,15.4403
hungary,2001,16.24197
hungary,2002,16.28364
hungary,2003,17.64531
hungary,2004,17.64698
hungary,2005,18.23865
hungary,2006,16.69253
hungary,2007,13.87641
hungary,2008,14.0803
hungary,2009,13.81418
hungary,2010,14.55807
hungary,2011,13.89023
hungary,2012,12.1424
hungary,2013,12.11456
hungary,2014,11.23673
iceland,1990,0.74148
iceland,1991,0.77375
iceland,1992,0.82602
iceland,1993,0.86829
iceland,1994,0.87056
iceland,1995,0.86283
iceland,1996,0.94721
iceland,1997,0.92158
iceland,1998,0.88595
iceland,1999,0.87032
iceland,2000,0.8247
iceland,2001,0.74686
iceland,2002,0.80902
iceland,2003,0.85118
iceland,2004,0.81334
iceland,2005,0.8055
iceland,2006,0.69542
iceland,2007,0.70535
iceland,2008,0.65527
iceland,2009,0.7452
iceland,2010,0.68512
iceland,2011,0.65488
iceland,2012,0.63464
iceland,2013,0.7344
iceland,2014,0.70416
india,1990,157.616
india,1991,167.17107
india,1992,168.08615
india,1993,169.54123
india,1994,180.9363
india,1995,187.98138
india,1996,195.77687
india,1997,209.03236
india,1998,198.24785
india,1999,211.42335
india,2000,212.33884
india,2001,215.64942
india,2002,224.52001
india,2003,234.2706
india,2004,242.57119
india,2005,246.55178
india,2006,249.92667
india,2007,250.09157
india,2008,267.41647
india,2009,301.07137
india,2010,294.46626
india,2011,279.97189
india,2012,295.70751
india,2013,295.54314
india,2014,309.54876
indonesia,1990,43.16183
indonesia,1991,44.35387
indonesia,1992,46.8159
indonesia,1993,48.15794
indonesia,1994,49.56998
indonesia,1995,52.01202
indonesia,1996,54.95398
indonesia,1997,56.25594
indonesia,1998,58.3979
indonesia,1999,66.37986
indonesia,2000,72.24182
indonesia,2001,73.11452
indonesia,2002,72.06723
indonesia,2003,72.15993
indonesia,2004,74.55263
indonesia,2005,72.39534
indonesia,2006,68.87375
indonesia,2007,69.52217
indonesia,2008,68.00059
indonesia,2009,65.709
indonesia,2010,65.53742
indonesia,2011,63.94332
indonesia,2012,65.74923
indonesia,2013,66.55513
indonesia,2014,66.29103
iran,1990,56.44197
iran,1991,61.90791
iran,1992,75.45385
iran,1993,72.36979
iran,1994,86.60573
iran,1995,88.42167
iran,1996,93.69137
iran,1997,95.45106
iran,1998,97.98075
iran,1999,99.59045
iran,2000,105.69014
iran,2001,110.99374
iran,2002,113.72733
iran,2003,114.70093
iran,2004,123.66452
iran,2005,129.85812
iran,2006,144.84554
iran,2007,155.57297
iran,2008,141.1404
iran,2009,144.78782
iran,2010,140.23525
iran,2011,141.939
iran,2012,132.41275
iran,2013,142.47649
iran,2014,141.24024
iraq,1990,6.18291
iraq,1991,3.88299
iraq,1992,4.79307
iraq,1993,7.19315
iraq,1994,7.76323
iraq,1995,6.56331
iraq,1996,10.14331
iraq,1997,10.31331
iraq,1998,7.27331
iraq,1999,7.72331
iraq,2000,8.74331
iraq,2001,8.95331
iraq,2002,8.96331
iraq,2003,8.75331
iraq,2004,10.42331
iraq,2005,12.59331
iraq,2006,11.18338
iraq,2007,10.79346
iraq,2008,12.27354
iraq,2009,10.18362
iraq,2010,10.4737
iraq,2011,11.32385
iraq,2012,11.784
iraq,2013,11.68415
iraq,2014,9.1343
ireland,1990,11.04093
ireland,1991,10.78572
ireland,1992,10.0305
ireland,1993,9.97528
ireland,1994,10.11007
ireland,1995,9.98485
ireland,1996,9.92542
ireland,1997,9.68599
ireland,1998,10.14656
ireland,1999,10.02713
ireland,2000,10.1377
ireland,2001,10.54135
ireland,2002,10.38501
ireland,2003,10.71866
ireland,2004,10.73232
ireland,2005,11.14597
ireland,2006,11.2607
ireland,2007,10.94542
ireland,2008,11.58014
ireland,2009,11.13487
ireland,2010,11.33959
ireland,2011,9.46709
ireland,2012,9.37458
ireland,2013,9.44207
ireland,2014,8.56957
israel,1990,2.02188
israel,1991,1.96464
israel,1992,2.1974
israel,1993,2.98017
israel,1994,3.10293
israel,1995,3.58569
israel,1996,3.70435
israel,1997,3.80301
israel,1998,3.83167
israel,1999,3.75032
israel,2000,4.26898
israel,2001,4.51968
israel,2002,4.16037
israel,2003,4.92107
israel,2004,5.45176
israel,2005,4.37245
israel,2006,4.91026
israel,2007,4.77806
israel,2008,3.66587
israel,2009,5.39367
israel,2010,5.25148
israel,2011,5.27284
israel,2012,4.63421
israel,2013,1.24557
israel,2014,1.30694
italy,1990,81.62429
italy,1991,87.38914
italy,1992,82.854
italy,1993,83.45885
italy,1994,75.17371
italy,1995,82.08856
italy,1996,83.66361
italy,1997,80.89866
italy,1998,84.68371
italy,1999,88.67875
italy,2000,84.4338
italy,2001,88.1389
italy,2002,84.064
italy,2003,88.90911
italy,2004,90.70421
italy,2005,95.53931
italy,2006,89.77421
italy,2007,83.07911
italy,2008,86.81401
italy,2009,87.70891
italy,2010,90.34381
italy,2011,84.4069
italy,2012,83.33
italy,2013,82.69309
italy,2014,71.46619
jamaica,1990,0.48343
jamaica,1991,0.42451
jamaica,1992,0.39559
jamaica,1993,0.46666
jamaica,1994,0.41774
jamaica,1995,0.44881
jamaica,1996,0.46264
jamaica,1997,0.45648
jamaica,1998,0.48031
jamaica,1999,0.48414
jamaica,2000,0.46797
jamaica,2001,0.47838
jamaica,2002,0.44879
jamaica,2003,0.4592
jamaica,2004,0.58961
jamaica,2005,0.64003
jamaica,2006,0.89302
jamaica,2007,0.97601
jamaica,2008,0.819
jamaica,2009,0.73199
jamaica,2010,0.61498
jamaica,2011,0.59761
jamaica,2012,0.67024
jamaica,2013,0.52287
jamaica,2014,0.5155
japan,1990,136.15819
japan,1991,136.08135
japan,1992,141.34451
japan,1993,148.73767
japan,1994,144.56083
japan,1995,153.78399
japan,1996,153.99402
japan,1997,154.17405
japan,1998,160.87408
japan,1999,167.09411
japan,2000,160.62414
japan,2001,160.47369
japan,2002,164.05323
japan,2003,157.87278
japan,2004,159.29233
japan,2005,160.36188
japan,2006,150.39057
japan,2007,145.89926
japan,2008,132.98796
japan,2009,140.90665
japan,2010,132.56534
japan,2011,133.01847
japan,2012,128.0716
japan,2013,135.02473
japan,2014,128.72786
jordan,1990,1.79534
jordan,1991,1.83813
jordan,1992,2.35092
jordan,1993,2.27371
jordan,1994,2.3965
jordan,1995,2.3993
jordan,1996,2.37806
jordan,1997,2.57682
jordan,1998,2.42558
jordan,1999,2.53434
jordan,2000,2.8431
jordan,2001,2.69706
jordan,2002,2.72103
jordan,2003,2.98499
jordan,2004,3.20896
jordan,2005,3.35292
jordan,2006,3.19505
jordan,2007,3.05718
jordan,2008,2.5793
jordan,2009,2.69143
jordan,2010,2.35356
jordan,2011,2.57758
jordan,2012,2.5116
jordan,2013,1.91563
jordan,2014,2.20965
kazakhstan,1990,28.85062
kazakhstan,1991,30.71477
kazakhstan,1992,37.79892
kazakhstan,1993,26.52306
kazakhstan,1994,21.30721
kazakhstan,1995,23.15136
kazakhstan,1996,19.38145
kazakhstan,1997,16.58154
kazakhstan,1998,17.08163
kazakhstan,1999,16.24171
kazakhstan,2000,10.8518
kazakhstan,2001,6.71842
kazakhstan,2002,5.00503
kazakhstan,2003,7.68164
kazakhstan,2004,7.60826
kazakhstan,2005,10.90487
kazakhstan,2006,17.53454
kazakhstan,2007,22.0842
kazakhstan,2008,27.93387
kazakhstan,2009,25.64354
kazakhstan,2010,28.2632
kazakhstan,2011,27.02532
kazakhstan,2012,25.95744
kazakhstan,2013,24.88956
kazakhstan,2014,28.18168
kenya,1990,6.04242
kenya,1991,5.8473
kenya,1992,6.01217
kenya,1993,6.07704
kenya,1994,6.08192
kenya,1995,6.32679
kenya,1996,6.49929
kenya,1997,6.58178
kenya,1998,6.87428
kenya,1999,7.13677
kenya,2000,7.15927
kenya,2001,7.0145
kenya,2002,6.96972
kenya,2003,6.75495
kenya,2004,6.96018
kenya,2005,7.1554
kenya,2006,7.21353
kenya,2007,7.41165
kenya,2008,7.40978
kenya,2009,7.77791
kenya,2010,7.91603
kenya,2011,7.8564
kenya,2012,8.02676
kenya,2013,8.08712
kenya,2014,8.30748
korea_north,1990,23.52323
korea_north,1991,23.01287
korea_north,1992,22.44251
korea_north,1993,22.18215
korea_north,1994,21.36178
korea_north,1995,20.81142
korea_north,1996,19.13127
korea_north,1997,18.85113
korea_north,1998,17.96098
korea_north,1999,19.22083
korea_north,2000,19.91068
korea_north,2001,20.09478
korea_north,2002,19.53888
korea_north,2003,19.94297
korea_north,2004,20.34707
korea_north,2005,21.17117
korea_north,2006,21.40217
korea_north,2007,18.57316
korea_north,2008,19.86416
korea_north,2009,19.61516
korea_north,2010,18.68615
korea_north,2011,14.90788
korea_north,2012,15.1796
korea_north,2013,12.58132
korea_north,2014,13.61305
korea_south,1990,76.41038
korea_south,1991,73.92289
korea_south,1992,74.8454
korea_south,1993,77.57791
korea_south,1994,79.37042
korea_south,1995,85.99293
korea_south,1996,89.2347
korea_south,1997,90.31647
korea_south,1998,70.76824
korea_south,1999,82.99001
korea_south,2000,78.44178
korea_south,2001,75.47863
korea_south,2002,75.81548
korea_south,2003,73.80233
korea_south,2004,68.98919
korea_south,2005,71.49604
korea_south,2006,65.57544
korea_south,2007,63.75484
korea_south,2008,61.61424
korea_south,2009,61.65364
korea_south,2010,65.54304
korea_south,2011,64.43006
korea_south,2012,63.29708
korea_south,2013,63.2441
korea_south,2014,56.94111
kuwait,1990,0.16111
kuwait,1991,0.05114
kuwait,1992,0.26117
kuwait,1993,0.2612
kuwait,1994,0.28122
kuwait,1995,0.31125
kuwait,1996,0.311
kuwait,1997,0.32075
kuwait,1998,0.3205
kuwait,1999,0.33025
kuwait,2000,0.33
kuwait,2001,0.34
kuwait,2002,0.36
kuwait,2003,0.37
kuwait,2004,0.37
kuwait,2005,0.43
kuwait,2006,0.43
kuwait,2007,0.47
kuwait,2008,0.52
kuwait,2009,0.5
kuwait,2010,0.49
kuwait,2011,0.55
kuwait,2012,0.57
kuwait,2013,0.52
kuwait,2014,0.55
kyrgyzstan,1990,4.7486
kyrgyzstan,1991,4.6065
kyrgyzstan,1992,4.76439
kyrgyzstan,1993,4.00228
kyrgyzstan,1994,2.19017
kyrgyzstan,1995,0.69807
kyrgyzstan,1996,0.99133
kyrgyzstan,1997,0.8146
kyrgyzstan,1998,1.66786
kyrgyzstan,1999,0.77113
kyrgyzstan,2000,0.93439
kyrgyzstan,2001,0.66917
kyrgyzstan,2002,1.04395
kyrgyzstan,2003,1.16872
kyrgyzstan,2004,0.9535
kyrgyzstan,2005,1.18828
kyrgyzstan,2006,1.24381
kyrgyzstan,2007,1.53933
kyrgyzstan,2008,1.93486
kyrgyzstan,2009,1.92038
kyrgyzstan,2010,1.96591
kyrgyzstan,2011,2.34249
kyrgyzstan,2012,2.46908
kyrgyzstan,2013,2.78566
kyrgyzstan,2014,2.50225
laos,1990,0.51495
laos,1991,0.51495
laos,1992,0.51495
laos,1993,0.51495
laos,1994,0.51495
laos,1995,0.51495
laos,1996,0.52213
laos,1997,0.52931
laos,1998,0.53649
laos,1999,0.54368
laos,2000,0.55086
laos,2001,0.56934
laos,2002,0.58782
laos,2003,0.6063
laos,2004,0.62478
laos,2005,0.64326
laos,2006,0.6701
laos,2007,0.69694
laos,2008,0.72378
laos,2009,0.75062
laos,2010,0.77746
laos,2011,0.804
laos,2012,0.83054
laos,2013,0.85708
laos,2014,0.88362
latvia,1990,3.73072
latvia,1991,4.1469
latvia,1992,3.14307
latvia,1993,2.97925
latvia,1994,2.55543
latvia,1995,1.84161
latvia,1996,1.80998
latvia,1997,1.59836
latvia,1998,1.45674
latvia,1999,1.42512
latvia,2000,1.3135
latvia,2001,1.47561
latvia,2002,1.47771
latvia,2003,1.56982
latvia,2004,1.65192
latvia,2005,1.65403
latvia,2006,1.72546
latvia,2007,1.71689
latvia,2008,1.64832
latvia,2009,1.62975
latvia,2010,1.80118
latvia,2011,1.71653
latvia,2012,1.64187
latvia,2013,1.60722
latvia,2014,1.64257
lebanon,1990,0.61088
lebanon,1991,0.97953
lebanon,1992,0.79818
lebanon,1993,2.67683
lebanon,1994,3.15548
lebanon,1995,3.76413
lebanon,1996,3.07944
lebanon,1997,3.91475
lebanon,1998,1.62006
lebanon,1999,1.97538
lebanon,2000,1.76069
lebanon,2001,2.23168
lebanon,2002,1.88266
lebanon,2003,1.14365
lebanon,2004,2.05464
lebanon,2005,1.41563
lebanon,2006,0.91514
lebanon,2007,0.47466
lebanon,2008,0.93418
lebanon,2009,3.2337
lebanon,2010,1.27322
lebanon,2011,0.78671
lebanon,2012,2.6802
lebanon,2013,1.83368
lebanon,2014,3.13717
lesotho,1990,0.14618
lesotho,1991,0.15788
lesotho,1992,0.16958
lesotho,1993,0.18129
lesotho,1994,0.19299
lesotho,1995,0.2047
lesotho,1996,0.20164
lesotho,1997,0.19859
lesotho,1998,0.19553
lesotho,1999,0.19248
lesotho,2000,0.18943
lesotho,2001,0.18875
lesotho,2002,0.18808
lesotho,2003,0.18741
lesotho,2004,0.18674
lesotho,2005,0.18607
lesotho,2006,0.19006
lesotho,2007,0.19405
lesotho,2008,0.19805
lesotho,2009,0.20204
lesotho,2010,0.20603
lesotho,2011,0.20879
lesotho,2012,0.21154
lesotho,2013,0.2143
lesotho,2014,0.21706
libya,1990,1.34948
libya,1991,1.46948
libya,1992,1.53948
libya,1993,1.64948
libya,1994,1.83948
libya,1995,1.98948
libya,1996,2.1304
libya,1997,2.22131
libya,1998,2.24223
libya,1999,2.41315
libya,2000,2.45406
libya,2001,2.52503
libya,2002,2.58599
libya,2003,2.63696
libya,2004,2.51792
libya,2005,2.50889
libya,2006,1.69956
libya,2007,1.66023
libya,2008,1.8009
libya,2009,2.12157
libya,2010,2.17224
libya,2011,1.23272
libya,2012,2.1532
libya,2013,1.92368
libya,2014,1.66416
liechtenstein,1990,0.00153
liechtenstein,1991,0.00164
liechtenstein,1992,0.00175
liechtenstein,1993,0.00186
liechtenstein,1994,0.00198
liechtenstein,1995,0.00209
liechtenstein,1996,0.00211
liechtenstein,1997,0.00214
liechtenstein,1998,0.00216
liechtenstein,1999,0.00218
liechtenstein,2000,0.00221
liechtenstein,2001,0.00213
liechtenstein,2002,0.00205
liechtenstein,2003,0.00196
liechtenstein,2004,0.00188
liechtenstein,2005,0.0018
liechtenstein,2006,0.00187
liechtenstein,2007,0.00194
liechtenstein,2008,0.00201
liechtenstein,2009,0.00208
liechtenstein,2010,0.00215
liechtenstein,2011,0.00215
liechtenstein,2012,0.00216
liechtenstein,2013,0.00216
liechtenstein,2014,0.00216
lithuania,1990,7.48247
lithuania,1991,7.823
lithuania,1992,4.00353
lithuania,1993,3.41405
lithuania,1994,3.09458
lithuania,1995,2.66511
lithuania,1996,2.35748
lithuania,1997,2.02985
lithuania,1998,1.75222
lithuania,1999,1.54459
lithuania,2000,1.30696
lithuania,2001,1.2595
lithuania,2002,1.33203
lithuania,2003,1.37456
lithuania,2004,1.4071
lithuania,2005,1.47963
lithuania,2006,1.61437
lithuania,2007,1.58912
lithuania,2008,1.53386
lithuania,2009,1.5086
lithuania,2010,1.67334
lithuania,2011,1.69907
lithuania,2012,1.6248
lithuania,2013,1.62052
lithuania,2014,1.55625
luxembourg,1990,1.3906
luxembourg,1991,1.66464
luxembourg,1992,1.58867
luxembourg,1993,1.5627
luxembourg,1994,1.51673
luxembourg,1995,1.50076
luxembourg,1996,1.68579
luxembourg,1997,1.67082
luxembourg,1998,1.76584
luxembourg,1999,1.60087
luxembourg,2000,1.8559
luxembourg,2001,1.91192
luxembourg,2002,1.84794
luxembourg,2003,1.88396
luxembourg,2004,1.93998
luxembourg,2005,1.87601
luxembourg,2006,1.85051
luxembourg,2007,1.76502
luxembourg,2008,1.80953
luxembourg,2009,1.79404
luxembourg,2010,1.86854
luxembourg,2011,1.61879
luxembourg,2012,1.71904
luxembourg,2013,1.73929
luxembourg,2014,1.56954
macedonia_fyr,1990,0.69315
macedonia_fyr,1991,0.66272
macedonia_fyr,1992,0.67229
macedonia_fyr,1993,0.32185
macedonia_fyr,1994,0.76142
macedonia_fyr,1995,0.66099
macedonia_fyr,1996,0.61952
macedonia_fyr,1997,0.49806
macedonia_fyr,1998,0.60659
macedonia_fyr,1999,0.82513
macedonia_fyr,2000,0.53366
macedonia_fyr,2001,0.46787
macedonia_fyr,2002,0.62208
macedonia_fyr,2003,0.76629
macedonia_fyr,2004,0.8105
macedonia_fyr,2005,0.75471
macedonia_fyr,2006,0.6855
macedonia_fyr,2007,0.63628
macedonia_fyr,2008,0.54706
macedonia_fyr,2009,0.57784
macedonia_fyr,2010,0.56863
macedonia_fyr,2011,0.4918
macedonia_fyr,2012,0.52498
macedonia_fyr,2013,0.41816
macedonia_fyr,2014,0.40134
madagascar,1990,0.5938
madagascar,1991,0.63814
madagascar,1992,0.68248
madagascar,1993,0.72681
madagascar,1994,0.77115
madagascar,1995,0.81549
madagascar,1996,0.84823
madagascar,1997,0.88098
madagascar,1998,0.91372
madagascar,1999,0.94646
madagascar,2000,0.9792
madagascar,2001,0.97108
madagascar,2002,0.96296
madagascar,2003,0.95485
madagascar,2004,0.94673
madagascar,2005,0.93861
madagascar,2006,0.95798
madagascar,2007,0.97735
madagascar,2008,0.99672
madagascar,2009,1.01609
madagascar,2010,1.03547
madagascar,2011,1.049
madagascar,2012,1.06254
madagascar,2013,1.07608
madagascar,2014,1.08962
malawi,1990,6.00681
malawi,1991,5.46281
malawi,1992,4.9188
malawi,1993,4.3748
malawi,1994,3.83079
malawi,1995,3.28679
malawi,1996,3.22243
malawi,1997,3.15808
malawi,1998,3.09372
malawi,1999,3.02937
malawi,2000,2.96501
malawi,2001,2.9394
malawi,2002,2.9138
malawi,2003,2.88819
malawi,2004,2.86258
malawi,2005,2.83698
malawi,2006,2.89535
malawi,2007,2.95373
malawi,2008,3.0121
malawi,2009,3.07048
malawi,2010,3.12885
malawi,2011,3.16969
malawi,2012,3.21052
malawi,2013,3.25136
malawi,2014,3.2922
malaysia,1990,3.15482
malaysia,1991,3.58461
malaysia,1992,4.61441
malaysia,1993,3.9942
malaysia,1994,5.254
malaysia,1995,5.59379
malaysia,1996,7.00721
malaysia,1997,6.17064
malaysia,1998,5.82406
malaysia,1999,6.09749
malaysia,2000,6.27091
malaysia,2001,6.2192
malaysia,2002,6.64748
malaysia,2003,6.12576
malaysia,2004,6.45405
malaysia,2005,6.83233
malaysia,2006,7.54126
malaysia,2007,9.1402
malaysia,2008,8.63913
malaysia,2009,8.01807
malaysia,2010,11.367
malaysia,2011,10.49265
malaysia,2012,10.27829
malaysia,2013,10.50393
malaysia,2014,10.16957
mali,1990,0.01694
mali,1991,0.01833
mali,1992,0.01972
mali,1993,0.02111
mali,1994,0.0225
mali,1995,0.02389
mali,1996,0.0235
mali,1997,0.02311
mali,1998,0.02272
mali,1999,0.02233
mali,2000,0.02194
mali,2001,0.02183
mali,2002,0.02172
mali,2003,0.02161
mali,2004,0.0215
mali,2005,0.02139
mali,2006,0.02185
mali,2007,0.0223
mali,2008,0.02275
mali,2009,0.02321
mali,2010,0.02366
mali,2011,0.02397
mali,2012,0.02429
mali,2013,0.0246
mali,2014,0.02492
malta,1990,0.09851
malta,1991,0.10868
malta,1992,0.10885
malta,1993,0.10901
malta,1994,0.10918
malta,1995,0.11935
malta,1996,0.15939
malta,1997,0.13943
malta,1998,0.09948
malta,1999,0.11952
malta,2000,0.09956
malta,2001,0.09956
malta,2002,0.10956
malta,2003,0.10956
malta,2004,0.11956
malta,2005,0.06956
malta,2006,0.06969
malta,2007,0.06983
malta,2008,0.06996
malta,2009,0.0701
malta,2010,0.16023
malta,2011,0.12042
malta,2012,0.14061
malta,2013,0.1708
malta,2014,0.18099
mauritania,1990,0.07396
mauritania,1991,0.0808
mauritania,1992,0.08763
mauritania,1993,0.09447
mauritania,1994,0.10131
mauritania,1995,0.10815
mauritania,1996,0.09699
mauritania,1997,0.08583
mauritania,1998,0.07467
mauritania,1999,0.06351
mauritania,2000,0.05235
mauritania,2001,0.05212
mauritania,2002,0.0519
mauritania,2003,0.05167
mauritania,2004,0.05145
mauritania,2005,0.05122
mauritania,2006,0.05231
mauritania,2007,0.05341
mauritania,2008,0.0545
mauritania,2009,0.05559
mauritania,2010,0.05668
mauritania,2011,0.05744
mauritania,2012,0.0582
mauritania,2013,0.05895
mauritania,2014,0.05971
mauritius,1990,0.13822
mauritius,1991,0.1392
mauritius,1992,0.14018
mauritius,1993,0.15115
mauritius,1994,0.15213
mauritius,1995,0.15311
mauritius,1996,0.16418
mauritius,1997,0.16525
mauritius,1998,0.17633
mauritius,1999,0.1774
mauritius,2000,0.18847
mauritius,2001,0.1902
mauritius,2002,0.19194
mauritius,2003,0.20367
mauritius,2004,0.21541
mauritius,2005,0.22714
mauritius,2006,0.21775
mauritius,2007,0.20836
mauritius,2008,0.20897
mauritius,2009,0.20959
mauritius,2010,0.2202
mauritius,2011,0.22079
mauritius,2012,0.22138
mauritius,2013,0.22197
mauritius,2014,0.23256
mexico,1990,31.5147
mexico,1991,32.81615
mexico,1992,34.81761
mexico,1993,35.54906
mexico,1994,36.59052
mexico,1995,36.85197
mexico,1996,37.14447
mexico,1997,37.24697
mexico,1998,38.39947
mexico,1999,36.83197
mexico,2000,39.51447
mexico,2001,40.30109
mexico,2002,41.5877
mexico,2003,42.19431
mexico,2004,44.40092
mexico,2005,45.19753
mexico,2006,46.39484
mexico,2007,46.36215
mexico,2008,46.98946
mexico,2009,46.49676
mexico,2010,47.40407
mexico,2011,47.36855
mexico,2012,48.22303
mexico,2013,46.77751
mexico,2014,46.97198
micronesia,1990,0.00484
micronesia,1991,0.00459
micronesia,1992,0.00433
micronesia,1993,0.00407
micronesia,1994,0.00381
micronesia,1995,0.00355
micronesia,1996,0.00359
micronesia,1997,0.00363
micronesia,1998,0.00366
micronesia,1999,0.0037
micronesia,2000,0.00374
micronesia,2001,0.00385
micronesia,2002,0.00397
micronesia,2003,0.00409
micronesia,2004,0.0042
micronesia,2005,0.00432
micronesia,2006,0.00449
micronesia,2007,0.00467
micronesia,2008,0.00484
micronesia,2009,0.00502
micronesia,2010,0.00519
micronesia,2011,0.00536
micronesia,2012,0.00554
micronesia,2013,0.00571
micronesia,2014,0.00589
moldova,1990,12.88449
moldova,1991,7.90404
moldova,1992,3.66359
moldova,1993,4.11314
moldova,1994,3.63269
moldova,1995,3.54224
moldova,1996,2.25232
moldova,1997,2.17239
moldova,1998,1.89247
moldova,1999,1.69254
moldova,2000,1.34261
moldova,2001,1.39794
moldova,2002,1.55326
moldova,2003,1.72858
moldova,2004,1.9939
moldova,2005,1.83922
moldova,2006,1.88141
moldova,2007,1.6136
moldova,2008,1.43579
moldova,2009,1.48798
moldova,2010,1.57016
moldova,2011,1.52289
moldova,2012,1.50561
moldova,2013,1.50834
moldova,2014,1.41106
mongolia,1990,2.15596
mongolia,1991,2.314
mongolia,1992,1.57203
mongolia,1993,1.53007
mongolia,1994,1.4781
mongolia,1995,1.18614
mongolia,1996,1.15503
mongolia,1997,0.97393
mongolia,1998,0.85282
mongolia,1999,1.11172
mongolia,2000,1.16061
mongolia,2001,1.38473
mongolia,2002,1.28884
mongolia,2003,1.49296
mongolia,2004,1.43707
mongolia,2005,1.99119
mongolia,2006,1.77919
mongolia,2007,2.23719
mongolia,2008,2.15519
mongolia,2009,2.86318
mongolia,2010,2.69118
mongolia,2011,3.08893
mongolia,2012,3.07668
mongolia,2013,3.62443
mongolia,2014,2.99218
montenegro,1990,0.0135
montenegro,1991,0.01353
montenegro,1992,0.01356
montenegro,1993,0.0136
montenegro,1994,0.01363
montenegro,1995,0.01366
montenegro,1996,0.01369
montenegro,1997,0.01373
montenegro,1998,0.01376
montenegro,1999,0.01379
montenegro,2000,0.01382
montenegro,2001,0.01388
montenegro,2002,0.01393
montenegro,2003,0.01398
montenegro,2004,0.01403
montenegro,2005,0.03408
montenegro,2006,0.08433
montenegro,2007,0.05458
montenegro,2008,0.05483
montenegro,2009,0.03507
montenegro,2010,0.02532
montenegro,2011,0.0358
montenegro,2012,0.04629
montenegro,2013,0.05677
montenegro,2014,0.07726
morocco,1990,3.70573
morocco,1991,4.1213
morocco,1992,4.47687
morocco,1993,4.84244
morocco,1994,5.11801
morocco,1995,5.33358
morocco,1996,5.44267
morocco,1997,5.64175
morocco,1998,5.87083
morocco,1999,6.15991
morocco,2000,6.23899
morocco,2001,6.46989
morocco,2002,6.6908
morocco,2003,6.8517
morocco,2004,7.26261
morocco,2005,7.58351
morocco,2006,7.96796
morocco,2007,8.4224
morocco,2008,8.80685
morocco,2009,9.2113
morocco,2010,9.48574
morocco,2011,9.87238
morocco,2012,10.36902
morocco,2013,10.85565
morocco,2014,11.22229
mozambique,1990,2.87666
mozambique,1991,2.59614
mozambique,1992,2.40562
mozambique,1993,2.2251
mozambique,1994,1.99458
mozambique,1995,1.84406
mozambique,1996,1.90125
mozambique,1997,1.98844
mozambique,1998,1.89563
mozambique,1999,1.90282
mozambique,2000,2.12001
mozambique,2001,2.02326
mozambique,2002,2.05652
mozambique,2003,2.10978
mozambique,2004,2.16304
mozambique,2005,2.1963
mozambique,2006,2.23633
mozambique,2007,2.31636
mozambique,2008,2.34639
mozambique,2009,2.42642
mozambique,2010,2.48645
mozambique,2011,2.52523
mozambique,2012,2.514
mozambique,2013,2.54278
mozambique,2014,2.70156
myanmar,1990,2.61916
myanmar,1991,2.63719
myanmar,1992,2.85522
myanmar,1993,3.06326
myanmar,1994,3.21129
myanmar,1995,3.26933
myanmar,1996,3.22193
myanmar,1997,3.29454
myanmar,1998,3.53714
myanmar,1999,3.78975
myanmar,2000,3.40235
myanmar,2001,3.47148
myanmar,2002,3.3706
myanmar,2003,3.61972
myanmar,2004,3.71885
myanmar,2005,3.75797
myanmar,2006,3.80187
myanmar,2007,3.80577
myanmar,2008,3.79967
myanmar,2009,3.81357
myanmar,2010,3.63747
myanmar,2011,3.83365
myanmar,2012,4.84983
myanmar,2013,5.41601
myanmar,2014,5.96219
namibia,1990,0.09651
namibia,1991,0.67786
namibia,1992,0.79922
namibia,1993,0.80057
namibia,1994,0.97192
namibia,1995,1.26328
namibia,1996,0.80368
namibia,1997,0.83409
namibia,1998,0.86449
namibia,1999,0.80489
namibia,2000,0.8153
namibia,2001,1.03296
namibia,2002,0.91062
namibia,2003,0.96828
namibia,2004,1.01594
namibia,2005,0.93359
namibia,2006,0.96826
namibia,2007,1.01292
namibia,2008,1.16759
namibia,2009,1.21225
namibia,2010,1.28692
namibia,2011,1.31123
namibia,2012,1.38554
namibia,2013,1.47986
namibia,2014,1.55417
nepal,1990,3.06686
nepal,1991,3.40842
nepal,1992,3.72997
nepal,1993,4.04153
nepal,1994,4.38309
nepal,1995,4.73464
nepal,1996,5.17212
nepal,1997,5.62959
nepal,1998,6.01707
nepal,1999,6.46454
nepal,2000,6.80202
nepal,2001,7.05095
nepal,2002,7.03988
nepal,2003,7.20881
nepal,2004,7.12774
nepal,2005,7.20667
nepal,2006,7.11518
nepal,2007,7.09369
nepal,2008,7.1422
nepal,2009,7.38071
nepal,2010,7.54923
nepal,2011,7.72721
nepal,2012,7.9152
nepal,2013,8.12319
nepal,2014,8.37117
netherlands,1990,37.69807
netherlands,1991,44.96368
netherlands,1992,41.04929
netherlands,1993,42.8449
netherlands,1994,41.3505
netherlands,1995,44.05611
netherlands,1996,50.0766
netherlands,1997,43.0571
netherlands,1998,41.48759
netherlands,1999,39.71808
netherlands,2000,39.77857
netherlands,2001,41.40411
netherlands,2002,39.42965
netherlands,2003,40.36518
netherlands,2004,40.29072
netherlands,2005,38.79626
netherlands,2006,37.95726
netherlands,2007,34.94826
netherlands,2008,38.02926
netherlands,2009,38.01026
netherlands,2010,43.79126
netherlands,2011,35.56453
netherlands,2012,37.66781
netherlands,2013,38.92108
netherlands,2014,31.05436
new_zealand,1990,2.97828
new_zealand,1991,2.78096
new_zealand,1992,2.98364
new_zealand,1993,2.73632
new_zealand,1994,3.089
new_zealand,1995,3.22167
new_zealand,1996,3.11388
new_zealand,1997,3.21608
new_zealand,1998,3.28828
new_zealand,1999,3.35048
new_zealand,2000,3.43268
new_zealand,2001,3.46527
new_zealand,2002,3.54785
new_zealand,2003,3.82044
new_zealand,2004,3.74303
new_zealand,2005,3.79562
new_zealand,2006,3.68663
new_zealand,2007,3.57765
new_zealand,2008,3.42867
new_zealand,2009,3.19968
new_zealand,2010,3.2607
new_zealand,2011,3.41388
new_zealand,2012,3.63706
new_zealand,2013,3.51024
new_zealand,2014,3.44342
nicaragua,1990,0.73772
nicaragua,1991,0.71102
nicaragua,1992,0.74433
nicaragua,1993,0.76763
nicaragua,1994,0.85093
nicaragua,1995,0.81423
nicaragua,1996,0.8571
nicaragua,1997,0.87996
nicaragua,1998,0.90282
nicaragua,1999,0.96569
nicaragua,2000,0.98855
nicaragua,2001,0.98114
nicaragua,2002,1.01373
nicaragua,2003,1.04631
nicaragua,2004,1.2089
nicaragua,2005,1.22149
nicaragua,2006,1.25452
nicaragua,2007,1.27756
nicaragua,2008,1.31059
nicaragua,2009,1.28363
nicaragua,2010,1.32666
nicaragua,2011,1.34857
nicaragua,2012,1.38048
nicaragua,2013,1.4724
nicaragua,2014,1.52431
niger,1990,0.33956
niger,1991,0.38437
niger,1992,0.42919
niger,1993,0.474
niger,1994,0.51882
niger,1995,0.56363
niger,1996,0.61005
niger,1997,0.65647
niger,1998,0.70289
niger,1999,0.74931
niger,2000,0.82573
niger,2001,0.81842
niger,2002,0.81111
niger,2003,0.8138
niger,2004,0.80649
niger,2005,0.78917
niger,2006,0.79472
niger,2007,0.81027
niger,2008,0.82581
niger,2009,0.84136
niger,2010,0.85691
niger,2011,0.8678
niger,2012,0.95869
niger,2013,0.91958
niger,2014,0.93048
nigeria,1990,31.99004
nigeria,1991,32.39184
nigeria,1992,33.83365
nigeria,1993,33.64546
nigeria,1994,33.38726
nigeria,1995,34.11907
nigeria,1996,36.27229
nigeria,1997,38.37552
nigeria,1998,41.13875
nigeria,1999,41.86198
nigeria,2000,44.69521
nigeria,2001,46.5691
nigeria,2002,47.113
nigeria,2003,46.48689
nigeria,2004,46.44078
nigeria,2005,49.83468
nigeria,2006,49.65774
nigeria,2007,49.2508
nigeria,2008,50.13386
nigeria,2009,48.14692
nigeria,2010,52.49998
nigeria,2011,53.24257
nigeria,2012,55.10517
nigeria,2013,56.28776
nigeria,2014,56.36036
niue,1990,0.02722
niue,1991,0.02664
niue,1992,0.02606
niue,1993,0.02548
niue,1994,0.0249
niue,1995,0.02433
niue,1996,0.02521
niue,1997,0.0261
niue,1998,0.02699
niue,1999,0.02788
niue,2000,0.02877
niue,2001,0.03011
niue,2002,0.03145
niue,2003,0.03279
niue,2004,0.03413
niue,2005,0.03547
niue,2006,0.0372
niue,2007,0.03892
niue,2008,0.04065
niue,2009,0.04238
niue,2010,0.04411
niue,2011,0.04574
niue,2012,0.04738
niue,2013,0.04901
niue,2014,0.05065
norway,1990,4.44946
norway,1991,4.45114
norway,1992,4.21283
norway,1993,4.09451
norway,1994,4.2662
norway,1995,4.23788
norway,1996,4.87598
norway,1997,4.53408
norway,1998,4.50218
norway,1999,4.54028
norway,2000,3.93838
norway,2001,4.39365
norway,2002,4.77893
norway,2003,4.8542
norway,2004,4.58948
norway,2005,4.22476
norway,2006,4.23131
norway,2007,3.98785
norway,2008,3.7444
norway,2009,4.14095
norway,2010,4.3175
norway,2011,4.04227
norway,2012,4.05704
norway,2013,3.85181
norway,2014,3.48657
oman,1990,0.58
oman,1991,0.65
oman,1992,0.7
oman,1993,0.77
oman,1994,0.87
oman,1995,0.85
oman,1996,1.04
oman,1997,1.57
oman,1998,1.71
oman,1999,1.29
oman,2000,1.21
oman,2001,1.77
oman,2002,1.81
oman,2003,1.92
oman,2004,0.96
oman,2005,1.06
oman,2006,1.1
oman,2007,1.34
oman,2008,1.41
oman,2009,1.55
oman,2010,1.58
oman,2011,1.64
oman,2012,1.79
oman,2013,1.89
oman,2014,1.98
pakistan,1990,15.0636
pakistan,1991,14.83556
pakistan,1992,14.41752
pakistan,1993,14.96947
pakistan,1994,15.79143
pakistan,1995,16.72339
pakistan,1996,17.07871
pakistan,1997,18.14404
pakistan,1998,18.35936
pakistan,1999,20.38469
pakistan,2000,19.32001
pakistan,2001,19.57146
pakistan,2002,19.6629
pakistan,2003,19.99435
pakistan,2004,21.04579
pakistan,2005,21.50723
pakistan,2006,22.44083
pakistan,2007,23.66442
pakistan,2008,24.21801
pakistan,2009,24.4416
pakistan,2010,25.06519
pakistan,2011,26.52791
pakistan,2012,28.43062
pakistan,2013,27.45334
pakistan,2014,27.45606
panama,1990,0.33584
panama,1991,0.34627
panama,1992,0.3567
panama,1993,0.36714
panama,1994,0.38757
panama,1995,0.398
panama,1996,0.42081
panama,1997,0.43363
panama,1998,0.46644
panama,1999,0.48925
panama,2000,0.47206
panama,2001,0.45836
panama,2002,0.59466
panama,2003,0.62097
panama,2004,0.50727
panama,2005,0.54358
panama,2006,0.68241
panama,2007,0.64124
panama,2008,0.54008
panama,2009,0.60891
panama,2010,0.84774
panama,2011,0.76905
panama,2012,0.78035
panama,2013,0.84165
panama,2014,0.98296
paraguay,1990,0.70549
paraguay,1991,0.72233
paraguay,1992,0.74918
paraguay,1993,0.78602
paraguay,1994,0.81287
paraguay,1995,0.84971
paraguay,1996,0.8431
paraguay,1997,0.85649
paraguay,1998,0.85988
paraguay,1999,0.88328
paraguay,2000,0.84667
paraguay,2001,0.81935
paraguay,2002,0.82204
paraguay,2003,0.81473
paraguay,2004,0.83741
paraguay,2005,0.8301
paraguay,2006,0.83307
paraguay,2007,0.83605
paraguay,2008,0.83903
paraguay,2009,0.84201
paraguay,2010,0.84498
paraguay,2011,0.86545
paraguay,2012,0.88592
paraguay,2013,0.89639
paraguay,2014,0.90686
peru,1990,5.78303
peru,1991,5.85505
peru,1992,6.09707
peru,1993,6.09909
peru,1994,6.29111
peru,1995,6.60313
peru,1996,6.98998
peru,1997,6.41682
peru,1998,5.71367
peru,1999,6.28051
peru,2000,5.82736
peru,2001,5.61276
peru,2002,5.88815
peru,2003,5.16355
peru,2004,4.76894
peru,2005,4.46434
peru,2006,4.16189
peru,2007,4.16943
peru,2008,4.26698
peru,2009,4.50453
peru,2010,4.30208
peru,2011,4.7566
peru,2012,4.85111
peru,2013,5.39563
peru,2014,5.40014
philippines,1990,7.2275
philippines,1991,7.38592
philippines,1992,7.99434
philippines,1993,8.51276
philippines,1994,8.87118
philippines,1995,9.69959
philippines,1996,10.06293
philippines,1997,10.63628
philippines,1998,11.02962
philippines,1999,11.60296
philippines,2000,11.5063
philippines,2001,11.42794
philippines,2002,11.42959
philippines,2003,11.14124
philippines,2004,10.65289
philippines,2005,9.77454
philippines,2006,9.57134
philippines,2007,9.66814
philippines,2008,9.53494
philippines,2009,10.47174
philippines,2010,10.88854
philippines,2011,11.03514
philippines,2012,11.08173
philippines,2013,11.68832
philippines,2014,12.67491
poland,1990,57.32692
poland,1991,67.38548
poland,1992,70.44403
poland,1993,74.60258
poland,1994,68.33114
poland,1995,68.31969
poland,1996,69.46437
poland,1997,66.10904
poland,1998,55.47372
poland,1999,56.76839
poland,2000,49.38306
poland,2001,52.17511
poland,2002,55.14715
poland,2003,55.80919
poland,2004,56.65123
poland,2005,59.55328
poland,2006,62.25313
poland,2007,57.65299
poland,2008,60.27285
poland,2009,61.34271
poland,2010,67.66256
poland,2011,61.26909
poland,2012,63.03563
poland,2013,61.07216
poland,2014,56.97869
portugal,1990,4.56534
portugal,1991,4.68566
portugal,1992,4.89598
portugal,1993,4.9863
portugal,1994,5.06662
portugal,1995,5.24693
portugal,1996,6.26345
portugal,1997,6.01997
portugal,1998,5.93649
portugal,1999,6.00301
portugal,2000,6.35953
portugal,2001,6.90578
portugal,2002,7.01202
portugal,2003,6.67826
portugal,2004,7.0145
portugal,2005,7.61074
portugal,2006,6.51019
portugal,2007,6.37965
portugal,2008,5.7091
portugal,2009,5.93855
portugal,2010,5.99801
portugal,2011,5.42087
portugal,2012,5.07372
portugal,2013,5.02658
portugal,2014,5.03944
qatar,1990,0.79723
qatar,1991,0.83408
qatar,1992,0.90092
qatar,1993,0.95777
qatar,1994,1.02462
qatar,1995,1.07147
qatar,1996,1.1249
qatar,1997,1.17834
qatar,1998,1.23177
qatar,1999,1.2352
qatar,2000,1.28863
qatar,2001,1.3459
qatar,2002,1.43318
qatar,2003,1.50045
qatar,2004,1.56772
qatar,2005,1.65499
qatar,2006,1.77599
qatar,2007,1.86698
qatar,2008,2.00798
qatar,2009,2.10897
qatar,2010,2.21997
qatar,2011,2.31741
qatar,2012,2.39486
qatar,2013,2.48231
qatar,2014,2.55976
romania,1990,17.71876
romania,1991,16.69173
romania,1992,12.08469
romania,1993,10.03766
romania,1994,8.77062
romania,1995,10.11359
romania,1996,9.37903
romania,1997,11.48446
romania,1998,11.5699
romania,1999,9.45534
romania,2000,9.83078
romania,2001,9.57026
romania,2002,9.56975
romania,2003,11.14924
romania,2004,12.15872
romania,2005,12.58821
romania,2006,14.09112
romania,2007,12.63403
romania,2008,11.29694
romania,2009,11.03986
romania,2010,11.02277
romania,2011,11.45008
romania,2012,12.0074
romania,2013,11.56471
romania,2014,11.09203
russian_federation,1990,399.83115
russian_federation,1991,381.72826
russian_federation,1992,274.29536
russian_federation,1993,300.49246
russian_federation,1994,242.55957
russian_federation,1995,224.01667
russian_federation,1996,205.07354
russian_federation,1997,196.98041
russian_federation,1998,177.10728
russian_federation,1999,192.68415
russian_federation,2000,196.65102
russian_federation,2001,199.3626
russian_federation,2002,181.32417
russian_federation,2003,185.58575
russian_federation,2004,177.65732
russian_federation,2005,166.4989
russian_federation,2006,169.46241
russian_federation,2007,174.83592
russian_federation,2008,183.13944
russian_federation,2009,163.35295
russian_federation,2010,159.48647
russian_federation,2011,164.81815
russian_federation,2012,145.63984
russian_federation,2013,148.48153
russian_federation,2014,160.81321
rwanda,1990,0.70664
rwanda,1991,0.77198
rwanda,1992,0.83733
rwanda,1993,0.90267
rwanda,1994,0.96801
rwanda,1995,1.03335
rwanda,1996,1.0093
rwanda,1997,0.98525
rwanda,1998,0.9612
rwanda,1999,0.93715
rwanda,2000,0.9131
rwanda,2001,0.90136
rwanda,2002,0.88961
rwanda,2003,0.87786
rwanda,2004,0.86612
rwanda,2005,0.85437
rwanda,2006,0.8713
rwanda,2007,0.88822
rwanda,2008,0.90514
rwanda,2009,0.92207
rwanda,2010,0.93899
rwanda,2011,0.95098
rwanda,2012,0.96296
rwanda,2013,0.97495
rwanda,2014,0.98693
saint_kitts_nevis,1990,0.0028
saint_kitts_nevis,1991,0.00288
saint_kitts_nevis,1992,0.00295
saint_kitts_nevis,1993,0.00303
saint_kitts_nevis,1994,0.0031
saint_kitts_nevis,1995,0.00318
saint_kitts_nevis,1996,0.00352
saint_kitts_nevis,1997,0.00386
saint_kitts_nevis,1998,0.0042
saint_kitts_nevis,1999,0.00453
saint_kitts_nevis,2000,0.00487
saint_kitts_nevis,2001,0.00499
saint_kitts_nevis,2002,0.00511
saint_kitts_nevis,2003,0.00523
saint_kitts_nevis,2004,0.00534
saint_kitts_nevis,2005,0.00546
saint_kitts_nevis,2006,0.00557
saint_kitts_nevis,2007,0.00569
saint_kitts_nevis,2008,0.0058
saint_kitts_nevis,2009,0.00591
saint_kitts_nevis,2010,0.00602
saint_kitts_nevis,2011,0.00609
saint_kitts_nevis,2012,0.00616
saint_kitts_nevis,2013,0.00624
saint_kitts_nevis,2014,0.00631
saint_lucia,1990,0.00158
saint_lucia,1991,0.0016
saint_lucia,1992,0.00163
saint_lucia,1993,0.00166
saint_lucia,1994,0.00168
saint_lucia,1995,0.00171
saint_lucia,1996,0.00188
saint_lucia,1997,0.00205
saint_lucia,1998,0.00222
saint_lucia,1999,0.00239
saint_lucia,2000,0.00256
saint_lucia,2001,0.0026
saint_lucia,2002,0.00263
saint_lucia,2003,0.00267
saint_lucia,2004,0.0027
saint_lucia,2005,0.00274
saint_lucia,2006,0.00279
saint_lucia,2007,0.00284
saint_lucia,2008,0.00289
saint_lucia,2009,0.00294
saint_lucia,2010,0.00299
saint_lucia,2011,0.00303
saint_lucia,2012,0.00307
saint_lucia,2013,0.00311
saint_lucia,2014,0.00315
saint_vincent_grenadines,1990,0.00021
saint_vincent_grenadines,1991,0.00021
saint_vincent_grenadines,1992,0.00021
saint_vincent_grenadines,1993,0.00021
saint_vincent_grenadines,1994,0.00021
saint_vincent_grenadines,1995,0.00021
saint_vincent_grenadines,1996,0.00022
saint_vincent_grenadines,1997,0.00023
saint_vincent_grenadines,1998,0.00024
saint_vincent_grenadines,1999,0.00026
saint_vincent_grenadines,2000,0.00027
saint_vincent_grenadines,2001,0.00027
saint_vincent_grenadines,2002,0.00028
saint_vincent_grenadines,2003,0.00028
saint_vincent_grenadines,2004,0.00028
saint_vincent_grenadines,2005,0.00029
saint_vincent_grenadines,2006,0.00029
saint_vincent_grenadines,2007,0.0003
saint_vincent_grenadines,2008,0.0003
saint_vincent_grenadines,2009,0.00031
saint_vincent_grenadines,2010,0.00031
saint_vincent_grenadines,2011,0.00032
saint_vincent_grenadines,2012,0.00032
saint_vincent_grenadines,2013,0.00033
saint_vincent_grenadines,2014,0.00033
samoa,1990,0.00054
samoa,1991,0.00051
samoa,1992,0.00048
samoa,1993,0.00045
samoa,1994,0.00042
samoa,1995,0.00039
samoa,1996,0.0004
samoa,1997,0.0004
samoa,1998,0.00041
samoa,1999,0.00041
samoa,2000,0.00042
samoa,2001,0.00043
samoa,2002,0.00044
samoa,2003,0.00045
samoa,2004,0.00047
samoa,2005,0.00048
samoa,2006,0.0005
samoa,2007,0.00052
samoa,2008,0.00054
samoa,2009,0.00056
samoa,2010,0.00058
samoa,2011,0.0006
samoa,2012,0.00062
samoa,2013,0.00063
samoa,2014,0.00065
sao_tome_principe,1990,0.03055
sao_tome_principe,1991,0.03289
sao_tome_principe,1992,0.03523
sao_tome_principe,1993,0.03757
sao_tome_principe,1994,0.0399
sao_tome_principe,1995,0.04224
sao_tome_principe,1996,0.04172
sao_tome_principe,1997,0.04119
sao_tome_principe,1998,0.04067
sao_tome_principe,1999,0.04015
sao_tome_principe,2000,0.03962
sao_tome_principe,2001,0.03959
sao_tome_principe,2002,0.03955
sao_tome_principe,2003,0.03952
sao_tome_principe,2004,0.03948
sao_tome_principe,2005,0.03944
sao_tome_principe,2006,0.04031
sao_tome_principe,2007,0.04117
sao_tome_principe,2008,0.04203
sao_tome_principe,2009,0.0429
sao_tome_principe,2010,0.04376
sao_tome_principe,2011,0.04435
sao_tome_principe,2012,0.04495
sao_tome_principe,2013,0.04554
sao_tome_principe,2014,0.04613
saudi_arabia,1990,3.05305
saudi_arabia,1991,3.5554
saudi_arabia,1992,3.27774
saudi_arabia,1993,3.52009
saudi_arabia,1994,3.66244
saudi_arabia,1995,3.61478
saudi_arabia,1996,3.72698
saudi_arabia,1997,3.79917
saudi_arabia,1998,3.92137
saudi_arabia,1999,3.99356
saudi_arabia,2000,4.17576
saudi_arabia,2001,4.22955
saudi_arabia,2002,4.37335
saudi_arabia,2003,4.52714
saudi_arabia,2004,4.66094
saudi_arabia,2005,4.99473
saudi_arabia,2006,4.94489
saudi_arabia,2007,5.16504
saudi_arabia,2008,5.4152
saudi_arabia,2009,5.49535
saudi_arabia,2010,5.56551
saudi_arabia,2011,6.32033
saudi_arabia,2012,5.84516
saudi_arabia,2013,5.53998
saudi_arabia,2014,5.45481
senegal,1990,1.49505
senegal,1991,1.512
senegal,1992,1.56896
senegal,1993,1.55591
senegal,1994,1.57286
senegal,1995,1.64981
senegal,1996,1.7985
senegal,1997,1.9572
senegal,1998,2.15589
senegal,1999,2.35458
senegal,2000,2.27327
senegal,2001,2.38949
senegal,2002,2.51572
senegal,2003,2.65194
senegal,2004,2.77816
senegal,2005,2.89438
senegal,2006,2.9201
senegal,2007,2.91581
senegal,2008,2.96153
senegal,2009,3.01724
senegal,2010,3.06296
senegal,2011,3.06951
senegal,2012,3.08606
senegal,2013,3.13261
senegal,2014,3.17916
serbia,1990,8.0936
serbia,1991,6.73624
serbia,1992,4.99889
serbia,1993,4.80153
serbia,1994,4.23418
serbia,1995,2.86682
serbia,1996,4.56668
serbia,1997,4.47654
serbia,1998,4.6164
serbia,1999,4.24626
serbia,2000,3.86613
serbia,2001,4.16585
serbia,2002,5.00557
serbia,2003,5.27529
serbia,2004,5.24501
serbia,2005,3.64473
serbia,2006,2.62055
serbia,2007,5.54636
serbia,2008,3.93218
serbia,2009,3.38799
serbia,2010,3.69381
serbia,2011,4.59585
serbia,2012,3.83788
serbia,2013,3.31992
serbia,2014,2.84195
seychelles,1990,0.00014
seychelles,1991,0.00016
seychelles,1992,0.00017
seychelles,1993,0.00018
seychelles,1994,0.0002
seychelles,1995,0.00021
seychelles,1996,0.00021
seychelles,1997,0.0002
seychelles,1998,0.0002
seychelles,1999,0.00019
seychelles,2000,0.00019
seychelles,2001,0.00018
seychelles,2002,0.00018
seychelles,2003,0.00018
seychelles,2004,0.00018
seychelles,2005,0.00017
seychelles,2006,0.00018
seychelles,2007,0.00018
seychelles,2008,0.00018
seychelles,2009,0.00019
seychelles,2010,0.00019
seychelles,2011,0.00019
seychelles,2012,0.0002
seychelles,2013,0.0002
seychelles,2014,0.0002
singapore,1990,1.46216
singapore,1991,1.39063
singapore,1992,0.88909
singapore,1993,0.90755
singapore,1994,0.92602
singapore,1995,0.80448
singapore,1996,0.8354
singapore,1997,1.01633
singapore,1998,0.78725
singapore,1999,0.78818
singapore,2000,0.7991
singapore,2001,0.80696
singapore,2002,0.86482
singapore,2003,0.78269
singapore,2004,0.79055
singapore,2005,0.69841
singapore,2006,0.64436
singapore,2007,0.76031
singapore,2008,0.79626
singapore,2009,0.82221
singapore,2010,0.84815
singapore,2011,0.84551
singapore,2012,0.85286
singapore,2013,0.88021
singapore,2014,0.83756
slovakia,1990,17.90394
slovakia,1991,13.76123
slovakia,1992,11.88852
slovakia,1993,11.65581
slovakia,1994,9.7831
slovakia,1995,9.46039
slovakia,1996,9.56742
slovakia,1997,9.34446
slovakia,1998,9.5415
slovakia,1999,9.35853
slovakia,2000,8.99557
slovakia,2001,7.47589
slovakia,2002,7.12621
slovakia,2003,6.30653
slovakia,2004,6.23685
slovakia,2005,6.75717
slovakia,2006,6.78601
slovakia,2007,6.34485
slovakia,2008,6.89368
slovakia,2009,7.19252
slovakia,2010,7.25136
slovakia,2011,5.84604
slovakia,2012,5.40072
slovakia,2013,6.05541
slovakia,2014,5.15009
slovenia,1990,2.29329
slovenia,1991,2.83726
slovenia,1992,2.41124
slovenia,1993,2.73521
slovenia,1994,2.50919
slovenia,1995,2.78316
slovenia,1996,3.32105
slovenia,1997,3.16894
slovenia,1998,3.42682
slovenia,1999,3.67471
slovenia,2000,2.82259
slovenia,2001,3.25711
slovenia,2002,3.28162
slovenia,2003,3.10614
slovenia,2004,3.04065
slovenia,2005,2.76517
slovenia,2006,2.55872
slovenia,2007,2.08227
slovenia,2008,2.45582
slovenia,2009,2.35937
slovenia,2010,2.46293
slovenia,2011,2.17113
slovenia,2012,1.91934
slovenia,2013,1.79754
slovenia,2014,1.58575
south_africa,1990,18.42323
south_africa,1991,19.21344
south_africa,1992,19.26366
south_africa,1993,24.39387
south_africa,1994,23.97408
south_africa,1995,23.0743
south_africa,1996,21.66337
south_africa,1997,21.59244
south_africa,1998,20.32151
south_africa,1999,18.89058
south_africa,2000,18.08965
south_africa,2001,22.09385
south_africa,2002,25.36805
south_africa,2003,27.43226
south_africa,2004,29.94646
south_africa,2005,31.50066
south_africa,2006,34.81101
south_africa,2007,41.00135
south_africa,2008,43.9217
south_africa,2009,42.80204
south_africa,2010,26.72238
south_africa,2011,32.78947
south_africa,2012,40.30656
south_africa,2013,41.37365
south_africa,2014,41.66074
spain,1990,23.22991
spain,1991,25.74443
spain,1992,26.80895
spain,1993,26.28346
spain,1994,27.66798
spain,1995,27.7825
spain,1996,29.03284
spain,1997,29.22318
spain,1998,29.36352
spain,1999,31.50386
spain,2000,34.4942
spain,2001,34.87726
spain,2002,35.47031
spain,2003,38.03337
spain,2004,41.24643
spain,2005,41.65948
spain,2006,42.31154
spain,2007,40.1636
spain,2008,38.17566
spain,2009,37.47771
spain,2010,39.84977
spain,2011,37.01414
spain,2012,36.77851
spain,2013,36.55287
spain,2014,34.66724
sri_lanka,1990,2.85217
sri_lanka,1991,2.88953
sri_lanka,1992,3.04689
sri_lanka,1993,3.12425
sri_lanka,1994,3.25162
sri_lanka,1995,3.37898
sri_lanka,1996,3.59141
sri_lanka,1997,3.78385
sri_lanka,1998,4.03628
sri_lanka,1999,4.29872
sri_lanka,2000,4.56115
sri_lanka,2001,4.61313
sri_lanka,2002,4.6751
sri_lanka,2003,4.58707
sri_lanka,2004,4.65904
sri_lanka,2005,4.76101
sri_lanka,2006,4.79465
sri_lanka,2007,4.71828
sri_lanka,2008,4.62192
sri_lanka,2009,4.58555
sri_lanka,2010,4.74919
sri_lanka,2011,4.902
sri_lanka,2012,4.96481
sri_lanka,2013,4.93763
sri_lanka,2014,5.02044
sudan,1990,5.70452
sudan,1991,5.54809
sudan,1992,5.36167
sudan,1993,5.17524
sudan,1994,5.02882
sudan,1995,4.8624
sudan,1996,5.08428
sudan,1997,5.21617
sudan,1998,5.36805
sudan,1999,6.10994
sudan,2000,6.17183
sudan,2001,6.22905
sudan,2002,6.83627
sudan,2003,7.1935
sudan,2004,7.67072
sudan,2005,8.07794
sudan,2006,8.34662
sudan,2007,8.49529
sudan,2008,8.23396
sudan,2009,8.26263
sudan,2010,8.5213
sudan,2011,8.4262
sudan,2012,8.63111
sudan,2013,8.76601
sudan,2014,8.86092
suriname,2000,0.21
suriname,2001,0.19
suriname,2002,0.31
suriname,2003,0.32
suriname,2004,0.35
suriname,2005,0.38
suriname,2006,0.39
suriname,2007,0.36
suriname,2008,0.37
suriname,2009,0.35
suriname,2010,0.43
suriname,2011,0.37
suriname,2012,0.48
suriname,2013,0.38
suriname,2014,0.41
swaziland,1990,0.07986
swaziland,1991,0.08543
swaziland,1992,0.091
swaziland,1993,0.09657
swaziland,1994,0.10215
swaziland,1995,0.10772
swaziland,1996,0.10692
swaziland,1997,0.10612
swaziland,1998,0.10533
swaziland,1999,0.10453
swaziland,2000,0.10373
swaziland,2001,0.10416
swaziland,2002,0.1046
swaziland,2003,0.10503
swaziland,2004,0.10546
swaziland,2005,0.10589
swaziland,2006,0.10829
swaziland,2007,0.1107
swaziland,2008,0.1131
swaziland,2009,0.11551
swaziland,2010,0.11791
swaziland,2011,0.11954
swaziland,2012,0.12117
swaziland,2013,0.1228
swaziland,2014,0.12444
sweden,1990,12.28891
sweden,1991,11.98502
sweden,1992,12.15113
sweden,1993,11.52724
sweden,1994,11.98335
sweden,1995,11.93947
sweden,1996,12.70553
sweden,1997,11.67159
sweden,1998,11.31765
sweden,1999,10.83371
sweden,2000,9.08977
sweden,2001,9.02909
sweden,2002,8.88841
sweden,2003,8.90773
sweden,2004,7.31705
sweden,2005,6.33637
sweden,2006,4.90346
sweden,2007,4.60055
sweden,2008,4.25764
sweden,2009,4.73473
sweden,2010,5.08183
sweden,2011,4.6212
sweden,2012,3.88057
sweden,2013,3.57994
sweden,2014,3.72931
switzerland,1990,17.79452
switzerland,1991,19.08348
switzerland,1992,19.11244
switzerland,1993,18.5714
switzerland,1994,17.29036
switzerland,1995,18.32932
switzerland,1996,19.15835
switzerland,1997,17.79738
switzerland,1998,18.6164
switzerland,1999,18.73543
switzerland,2000,16.97446
switzerland,2001,18.20435
switzerland,2002,17.17424
switzerland,2003,18.01413
switzerland,2004,17.86403
switzerland,2005,18.17392
switzerland,2006,17.17057
switzerland,2007,15.32721
switzerland,2008,16.23386
switzerland,2009,15.95051
switzerland,2010,17.06715
switzerland,2011,13.85886
switzerland,2012,15.09056
switzerland,2013,15.94227
switzerland,2014,12.60397
syria,1990,9.06066
syria,1991,10.48079
syria,1992,8.80093
syria,1993,7.85107
syria,1994,6.77121
syria,1995,7.15135
syria,1996,7.47136
syria,1997,7.15137
syria,1998,7.45138
syria,1999,6.99139
syria,2000,6.91141
syria,2001,8.22145
syria,2002,6.9315
syria,2003,6.11154
syria,2004,7.37159
syria,2005,10.25163
syria,2006,10.53169
syria,2007,10.49174
syria,2008,10.53179
syria,2009,8.31185
syria,2010,7.0619
syria,2011,6.76198
syria,2012,4.85206
syria,2013,4.16213
syria,2014,4.97221
tajikistan,1990,8.83943
tajikistan,1991,7.98528
tajikistan,1992,5.51112
tajikistan,1993,3.51697
tajikistan,1994,2.09281
tajikistan,1995,1.77866
tajikistan,1996,1.55463
tajikistan,1997,1.7206
tajikistan,1998,1.99658
tajikistan,1999,1.82255
tajikistan,2000,1.60852
tajikistan,2001,1.52378
tajikistan,2002,1.55903
tajikistan,2003,1.55428
tajikistan,2004,1.84953
tajikistan,2005,1.70479
tajikistan,2006,1.8705
tajikistan,2007,2.63621
tajikistan,2008,2.59193
tajikistan,2009,2.08764
tajikistan,2010,2.10335
tajikistan,2011,2.20672
tajikistan,2012,1.90009
tajikistan,2013,2.58345
tajikistan,2014,2.93682
tanzania,1990,6.85906
tanzania,1991,6.94318
tanzania,1992,6.98731
tanzania,1993,6.98144
tanzania,1994,7.05556
tanzania,1995,7.51969
tanzania,1996,7.91668
tanzania,1997,8.05368
tanzania,1998,8.12068
tanzania,1999,8.28767
tanzania,2000,8.52467
tanzania,2001,9.04721
tanzania,2002,9.44976
tanzania,2003,9.8923
tanzania,2004,10.34485
tanzania,2005,10.78739
tanzania,2006,10.9722
tanzania,2007,11.20701
tanzania,2008,11.44183
tanzania,2009,11.52664
tanzania,2010,11.92145
tanzania,2011,11.65753
tanzania,2012,12.1236
tanzania,2013,12.06967
tanzania,2014,12.23575
thailand,1990,10.02667
thailand,1991,10.21923
thailand,1992,10.7618
thailand,1993,10.29436
thailand,1994,10.54692
thailand,1995,10.96948
thailand,1996,12.76409
thailand,1997,16.0387
thailand,1998,16.0233
thailand,1999,18.00791
thailand,2000,18.87252
thailand,2001,19.46764
thailand,2002,20.26276
thailand,2003,21.41788
thailand,2004,22.313
thailand,2005,21.81812
thailand,2006,22.68287
thailand,2007,23.78761
thailand,2008,24.70235
thailand,2009,25.04709
thailand,2010,26.01184
thailand,2011,27.70787
thailand,2012,29.48391
thailand,2013,28.11995
thailand,2014,27.67598
togo,1990,0.615
togo,1991,0.62272
togo,1992,0.64044
togo,1993,0.62817
togo,1994,0.67589
togo,1995,0.70361
togo,1996,0.7604
togo,1997,0.79718
togo,1998,0.84396
togo,1999,0.92074
togo,2000,0.97752
togo,2001,0.93824
togo,2002,0.97896
togo,2003,1.05968
togo,2004,1.0004
togo,2005,1.07113
togo,2006,1.0154
togo,2007,1.01967
togo,2008,1.03395
togo,2009,1.05822
togo,2010,1.0825
togo,2011,1.09665
togo,2012,1.1308
togo,2013,1.15495
togo,2014,1.16911
tonga,1990,0.00027
tonga,1991,0.00025
tonga,1992,0.00024
tonga,1993,0.00023
tonga,1994,0.00021
tonga,1995,0.0002
tonga,1996,0.0002
tonga,1997,0.0002
tonga,1998,0.0002
tonga,1999,0.00021
tonga,2000,0.00021
tonga,2001,0.00021
tonga,2002,0.00022
tonga,2003,0.00023
tonga,2004,0.00023
tonga,2005,0.00024
tonga,2006,0.00025
tonga,2007,0.00026
tonga,2008,0.00027
tonga,2009,0.00028
tonga,2010,0.00029
tonga,2011,0.0003
tonga,2012,0.00031
tonga,2013,0.00032
tonga,2014,0.00033
trinidad_tobago,1990,0.18138
trinidad_tobago,1991,0.19138
trinidad_tobago,1992,0.28138
trinidad_tobago,1993,0.27138
trinidad_tobago,1994,0.22138
trinidad_tobago,1995,0.19138
trinidad_tobago,1996,0.19318
trinidad_tobago,1997,0.22498
trinidad_tobago,1998,0.23678
trinidad_tobago,1999,0.22858
trinidad_tobago,2000,0.54038
trinidad_tobago,2001,0.52135
trinidad_tobago,2002,0.57232
trinidad_tobago,2003,0.50328
trinidad_tobago,2004,0.50425
trinidad_tobago,2005,0.47522
trinidad_tobago,2006,0.50733
trinidad_tobago,2007,0.49945
trinidad_tobago,2008,0.52156
trinidad_tobago,2009,0.55367
trinidad_tobago,2010,0.48579
trinidad_tobago,2011,0.43716
trinidad_tobago,2012,0.39853
trinidad_tobago,2013,0.59991
trinidad_tobago,2014,0.46128
tunisia,1990,2.7856
tunisia,1991,2.98425
tunisia,1992,3.10289
tunisia,1993,3.48154
tunisia,1994,3.58018
tunisia,1995,3.73883
tunisia,1996,3.9036
tunisia,1997,3.98837
tunisia,1998,4.06314
tunisia,1999,4.19791
tunisia,2000,4.35268
tunisia,2001,4.46412
tunisia,2002,4.42556
tunisia,2003,4.547
tunisia,2004,4.83843
tunisia,2005,4.89987
tunisia,2006,4.70379
tunisia,2007,4.74771
tunisia,2008,4.90163
tunisia,2009,4.18555
tunisia,2010,4.18947
tunisia,2011,4.11085
tunisia,2012,4.21223
tunisia,2013,4.40361
tunisia,2014,4.51499
turkey,1990,33.616
turkey,1991,33.70521
turkey,1992,35.82442
turkey,1993,35.95362
turkey,1994,32.76283
turkey,1995,37.67204
turkey,1996,37.8796
turkey,1997,39.47716
turkey,1998,36.49472
turkey,1999,36.10228
turkey,2000,39.48984
turkey,2001,35.66517
turkey,2002,38.1305
turkey,2003,40.61583
turkey,2004,43.81116
turkey,2005,46.94649
turkey,2006,50.44563
turkey,2007,54.33476
turkey,2008,72.2339
turkey,2009,65.00303
turkey,2010,64.55216
turkey,2011,69.78244
turkey,2012,76.54272
turkey,2013,63.42299
turkey,2014,62.07327
turkmenistan,1990,21.0683
turkmenistan,1991,16.70221
turkmenistan,1992,14.58613
turkmenistan,1993,10.36004
turkmenistan,1994,16.51396
turkmenistan,1995,16.80788
turkmenistan,1996,14.91586
turkmenistan,1997,16.74385
turkmenistan,1998,17.32184
turkmenistan,1999,19.43983
turkmenistan,2000,15.44782
turkmenistan,2001,15.36644
turkmenistan,2002,16.16505
turkmenistan,2003,18.98367
turkmenistan,2004,20.28228
turkmenistan,2005,20.1109
turkmenistan,2006,20.47467
turkmenistan,2007,24.63844
turkmenistan,2008,23.72221
turkmenistan,2009,22.65598
turkmenistan,2010,25.67975
turkmenistan,2011,27.34292
turkmenistan,2012,28.38608
turkmenistan,2013,28.68924
turkmenistan,2014,29.0224
uganda,1990,2.64425
uganda,1991,2.79249
uganda,1992,2.94072
uganda,1993,3.08896
uganda,1994,3.2372
uganda,1995,3.38543
uganda,1996,3.39745
uganda,1997,3.40946
uganda,1998,3.42147
uganda,1999,3.43348
uganda,2000,3.44549
uganda,2001,3.49492
uganda,2002,3.54434
uganda,2003,3.59377
uganda,2004,3.64319
uganda,2005,3.69262
uganda,2006,3.78205
uganda,2007,3.87148
uganda,2008,3.96092
uganda,2009,4.05035
uganda,2010,4.13978
uganda,2011,4.19935
uganda,2012,4.25892
uganda,2013,4.31848
uganda,2014,4.37805
ukraine,1990,88.42489
ukraine,1991,75.7117
ukraine,1992,68.84852
ukraine,1993,69.23533
ukraine,1994,64.72215
ukraine,1995,63.47896
ukraine,1996,64.54256
ukraine,1997,55.96616
ukraine,1998,49.09975
ukraine,1999,51.15335
ukraine,2000,48.96695
ukraine,2001,47.72025
ukraine,2002,49.21355
ukraine,2003,53.02685
ukraine,2004,53.07015
ukraine,2005,51.90345
ukraine,2006,53.6789
ukraine,2007,47.29436
ukraine,2008,44.85981
ukraine,2009,41.46527
ukraine,2010,43.62072
ukraine,2011,45.35266
ukraine,2012,44.3746
ukraine,2013,44.19655
ukraine,2014,38.48849
united_arab_emirates,1990,2.96286
united_arab_emirates,1991,3.0588
united_arab_emirates,1992,3.14474
united_arab_emirates,1993,3.24068
united_arab_emirates,1994,3.37662
united_arab_emirates,1995,3.48256
united_arab_emirates,1996,3.52869
united_arab_emirates,1997,3.62481
united_arab_emirates,1998,3.71094
united_arab_emirates,1999,3.80707
united_arab_emirates,2000,3.9432
united_arab_emirates,2001,4.39949
united_arab_emirates,2002,4.35578
united_arab_emirates,2003,4.66208
united_arab_emirates,2004,4.97837
united_arab_emirates,2005,5.28467
united_arab_emirates,2006,5.51913
united_arab_emirates,2007,5.79359
united_arab_emirates,2008,6.15805
united_arab_emirates,2009,6.58251
united_arab_emirates,2010,6.87697
united_arab_emirates,2011,7.21991
united_arab_emirates,2012,7.32286
united_arab_emirates,2013,7.86581
united_arab_emirates,2014,8.13875
united_kingdom,1990,118.3058
united_kingdom,1991,129.14962
united_kingdom,1992,123.82345
united_kingdom,1993,125.87727
united_kingdom,1994,122.79109
united_kingdom,1995,120.14492
united_kingdom,1996,129.34763
united_kingdom,1997,119.70035
united_kingdom,1998,121.22306
united_kingdom,1999,116.94578
united_kingdom,2000,116.8085
united_kingdom,2001,119.77129
united_kingdom,2002,112.19408
united_kingdom,2003,112.10687
united_kingdom,2004,115.83965
united_kingdom,2005,112.12244
united_kingdom,2006,107.07459
united_kingdom,2007,102.44674
united_kingdom,2008,110.05889
united_kingdom,2009,102.79103
united_kingdom,2010,113.76318
united_kingdom,2011,93.39397
united_kingdom,2012,102.92477
united_kingdom,2013,104.12556
united_kingdom,2014,87.73635
united_states_of_america,1990,680.96167
united_states_of_america,1991,690.37951
united_states_of_america,1992,685.54735
united_states_of_america,1993,705.65519
united_states_of_america,1994,698.68304
united_states_of_america,1995,704.89088
united_states_of_america,1996,742.1271
united_states_of_america,1997,726.05333
united_states_of_america,1998,670.50955
united_states_of_america,1999,686.77578
united_states_of_america,2000,721.372
united_states_of_america,2001,703.79033
united_states_of_america,2002,704.30867
united_states_of_america,2003,718.527
united_states_of_america,2004,710.61533
united_states_of_america,2005,687.80366
united_states_of_america,2006,637.11243
united_states_of_america,2007,662.87119
united_states_of_america,2008,666.46995
united_states_of_america,2009,656.65871
united_states_of_america,2010,650.20748
united_states_of_america,2011,633.78957
united_states_of_america,2012,589.64166
united_states_of_america,2013,648.76375
united_states_of_america,2014,673.10584
uruguay,1990,1.14757
uruguay,1991,1.18859
uruguay,1992,1.24962
uruguay,1993,1.27064
uruguay,1994,1.26166
uruguay,1995,1.29268
uruguay,1996,1.35249
uruguay,1997,1.32229
uruguay,1998,1.3921
uruguay,1999,1.3519
uruguay,2000,1.38171
uruguay,2001,1.30147
uruguay,2002,1.26123
uruguay,2003,1.24098
uruguay,2004,1.24074
uruguay,2005,1.2405
uruguay,2006,1.26334
uruguay,2007,1.28618
uruguay,2008,1.27902
uruguay,2009,1.29186
uruguay,2010,1.2647
uruguay,2011,1.24701
uruguay,2012,1.20932
uruguay,2013,1.25164
uruguay,2014,1.20395
uzbekistan,1990,62.51129
uzbekistan,1991,64.04789
uzbekistan,1992,56.68449
uzbekistan,1993,59.33109
uzbekistan,1994,58.90769
uzbekistan,1995,38.42429
uzbekistan,1996,38.027
uzbekistan,1997,41.61971
uzbekistan,1998,45.52242
uzbekistan,1999,46.68513
uzbekistan,2000,46.37784
uzbekistan,2001,46.97173
uzbekistan,2002,49.25563
uzbekistan,2003,46.04952
uzbekistan,2004,45.39342
uzbekistan,2005,42.84732
uzbekistan,2006,43.83098
uzbekistan,2007,44.14464
uzbekistan,2008,45.53831
uzbekistan,2009,38.11197
uzbekistan,2010,37.03563
uzbekistan,2011,42.40201
uzbekistan,2012,44.07838
uzbekistan,2013,36.06476
uzbekistan,2014,36.52113
vanuatu,1990,0.0085
vanuatu,1991,0.00871
vanuatu,1992,0.00891
vanuatu,1993,0.00911
vanuatu,1994,0.00931
vanuatu,1995,0.00951
vanuatu,1996,0.01009
vanuatu,1997,0.01066
vanuatu,1998,0.01124
vanuatu,1999,0.01182
vanuatu,2000,0.01239
vanuatu,2001,0.01311
vanuatu,2002,0.01383
vanuatu,2003,0.01455
vanuatu,2004,0.01526
vanuatu,2005,0.01598
vanuatu,2006,0.01685
vanuatu,2007,0.01772
vanuatu,2008,0.01859
vanuatu,2009,0.01945
vanuatu,2010,0.02032
vanuatu,2011,0.02112
vanuatu,2012,0.02192
vanuatu,2013,0.02272
vanuatu,2014,0.02351
venezuela,1990,5.50323
venezuela,1991,4.55388
venezuela,1992,5.83454
venezuela,1993,5.63519
venezuela,1994,5.15584
venezuela,1995,5.80649
venezuela,1996,5.85052
venezuela,1997,5.08456
venezuela,1998,5.06859
venezuela,1999,6.75262
venezuela,2000,6.43665
venezuela,2001,6.68642
venezuela,2002,6.4962
venezuela,2003,5.42597
venezuela,2004,7.07574
venezuela,2005,8.92551
venezuela,2006,5.70482
venezuela,2007,11.80414
venezuela,2008,7.04345
venezuela,2009,6.94276
venezuela,2010,7.05207
venezuela,2011,6.86219
venezuela,2012,7.08232
venezuela,2013,7.49244
venezuela,2014,7.63257
vietnam,1990,10.29762
vietnam,1991,11.19734
vietnam,1992,11.71707
vietnam,1993,12.79679
vietnam,1994,13.60651
vietnam,1995,14.47624
vietnam,1996,15.36366
vietnam,1997,15.31107
vietnam,1998,15.68849
vietnam,1999,15.7859
vietnam,2000,16.33332
vietnam,2001,17.58041
vietnam,2002,18.58751
vietnam,2003,18.6646
vietnam,2004,20.77169
vietnam,2005,21.50879
vietnam,2006,21.54568
vietnam,2007,21.87258
vietnam,2008,22.02948
vietnam,2009,22.32637
vietnam,2010,23.23327
vietnam,2011,23.05939
vietnam,2012,22.23551
vietnam,2013,23.16163
vietnam,2014,24.06776
world,1990,3966.04807
world,1991,3992.50954
world,1992,3803.40101
world,1993,3880.30248
world,1994,3778.58395
world,1995,3812.71542
world,1996,3820.15188
world,1997,3829.21835
world,1998,3655.31481
world,1999,3740.37128
world,2000,3692.92774
world,2001,3739.7023
world,2002,3741.66685
world,2003,3853.4614
world,2004,3945.25595
world,2005,3984.8005
world,2006,3964.19036
world,2007,3971.37022
world,2008,4043.14008
world,2009,4024.17994
world,2010,4076.3498
world,2011,4018.81074
world,2012,4030.58167
world,2013,4140.70261
world,2014,4111.40354
yemen,1990,0.77594
yemen,1991,0.98869
yemen,1992,1.20144
yemen,1993,1.30418
yemen,1994,1.44693
yemen,1995,2.36968
yemen,1996,2.60369
yemen,1997,2.90771
yemen,1998,3.13172
yemen,1999,3.17574
yemen,2000,3.55976
yemen,2001,3.88541
yemen,2002,4.47106
yemen,2003,4.85671
yemen,2004,5.14236
yemen,2005,5.30801
yemen,2006,5.54135
yemen,2007,6.01468
yemen,2008,6.38801
yemen,2009,4.61135
yemen,2010,4.27468
yemen,2011,3.40905
yemen,2012,3.20341
yemen,2013,4.74777
yemen,2014,4.25213
zambia,1990,18.11924
zambia,1991,17.57996
zambia,1992,17.15069
zambia,1993,16.68141
zambia,1994,16.22213
zambia,1995,15.87286
zambia,1996,15.44072
zambia,1997,15.07859
zambia,1998,14.67646
zambia,1999,14.27432
zambia,2000,13.90219
zambia,2001,14.58426
zambia,2002,15.27632
zambia,2003,15.96838
zambia,2004,16.65045
zambia,2005,17.33251
zambia,2006,17.94691
zambia,2007,18.5413
zambia,2008,19.2057
zambia,2009,19.81009
zambia,2010,20.45449
zambia,2011,20.82696
zambia,2012,21.23943
zambia,2013,21.75191
zambia,2014,22.02438
zimbabwe,1990,5.67555
zimbabwe,1991,5.89677
zimbabwe,1992,5.72799
zimbabwe,1993,6.04921
zimbabwe,1994,6.16044
zimbabwe,1995,6.13166
zimbabwe,1996,6.52709
zimbabwe,1997,6.48252
zimbabwe,1998,6.49795
zimbabwe,1999,6.91338
zimbabwe,2000,6.81881
zimbabwe,2001,5.88079
zimbabwe,2002,5.41278
zimbabwe,2003,5.23476
zimbabwe,2004,4.25674
zimbabwe,2005,4.31873
zimbabwe,2006,5.31829
zimbabwe,2007,5.73785
zimbabwe,2008,5.42741
zimbabwe,2009,5.74697
zimbabwe,2010,4.95653
zimbabwe,2011,4.38008
zimbabwe,2012,4.42362
zimbabwe,2013,4.21717
zimbabwe,2014,4.19072
