country,year,energy_mtco2e
albania,1990,7.49851
albania,1991,5.31308
albania,1992,3.34764
albania,1993,2.86221
albania,1994,2.65148
albania,1995,2.10134
albania,1996,2.10409
albania,1997,1.66683
albania,1998,1.98958
albania,1999,3.15232
albania,2000,3.29507
albania,2001,3.45724
albania,2002,3.9894
albania,2003,4.06157
albania,2004,4.27374
albania,2005,4.09591
albania,2006,4.06907
albania,2007,4.07223
albania,2008,3.99539
albania,2009,4.05855
albania,2010,4.22171
albania,2011,4.42809
albania,2012,3.78447
albania,2013,3.95084
algeria,1990,75.71956
algeria,1991,75.16154
algeria,1992,74.73003
algeria,1993,82.42804
algeria,1994,81.0342
algeria,1995,82.54977
algeria,1996,82.76492
algeria,1997,85.6442
algeria,1998,88.87878
algeria,1999,93.5904
algeria,2000,95.98439
algeria,2001,93.18889
algeria,2002,99.53877
algeria,2003,103.98687
algeria,2004,105.18437
algeria,2005,109.50952
algeria,2006,113.80663
algeria,2007,120.52024
algeria,2008,124.65793
algeria,2009,132.64152
algeria,2010,133.24802
algeria,2011,138.64867
algeria,2012,141.42042
algeria,2013,152.66297
angola,1990,25.09424
angola,1991,26.59758
angola,1992,27.72679
angola,1993,29.57954
angola,1994,30.67935
angola,1995,36.1098
angola,1996,37.4832
angola,1997,38.58247
angola,1998,38.96646
angola,1999,41.09985
angola,2000,41.60089
angola,2001,45.92754
angola,2002,50.53302
angola,2003,58.7997
angola,2004,63.64813
angola,2005,66.59831
angola,2006,76.21763
angola,2007,86.88756
angola,2008,95.85569
angola,2009,105.435
angola,2010,114.43315
angola,2011,116.81734
angola,2012,118.64389
angola,2013,121.82514
argentina,1990,113.73408
argentina,1991,119.51069
argentina,1992,121.33435
argentina,1993,122.8192
argentina,1994,130.90522
argentina,1995,133.74654
argentina,1996,143.79223
argentina,1997,147.18021
argentina,1998,150.75468
argentina,1999,154.25621
argentina,2000,154.01187
argentina,2001,143.70143
argentina,2002,137.04395
argentina,2003,146.90587
argentina,2004,162.38779
argentina,2005,165.13911
argentina,2006,174.59805
argentina,2007,181.91052
argentina,2008,193.25417
argentina,2009,185.69781
argentina,2010,190.68204
argentina,2011,198.17751
argentina,2012,201.10589
argentina,2013,198.3655
armenia,1990,21.63119
armenia,1991,22.35029
armenia,1992,12.17939
armenia,1993,6.31849
armenia,1994,3.94759
armenia,1995,4.50669
armenia,1996,3.41597
armenia,1997,4.02524
armenia,1998,4.03451
armenia,1999,3.55378
armenia,2000,3.90306
armenia,2001,3.96378
armenia,2002,3.4345
armenia,2003,3.82523
armenia,2004,4.03595
armenia,2005,4.71667
armenia,2006,4.74774
armenia,2007,5.40881
armenia,2008,5.88988
armenia,2009,4.90095
armenia,2010,4.69202
armenia,2011,5.32818
armenia,2012,6.11433
armenia,2013,5.94049
australia,1990,288.92409
australia,1991,290.38302
australia,1992,294.33783
australia,1993,298.29205
australia,1994,304.15686
australia,1995,314.66578
australia,1996,325.89729
australia,1997,333.66527
australia,1998,354.82324
australia,1999,360.68945
australia,2000,366.90801
australia,2001,373.30202
australia,2002,381.47543
australia,2003,385.49884
australia,2004,399.41755
australia,2005,404.80626
australia,2006,411.20061
australia,2007,422.25496
australia,2008,425.70931
australia,2009,432.78836
australia,2010,427.31742
australia,2011,425.78551
australia,2012,426.0189
australia,2013,422.65699
austria,1990,57.52565
austria,1991,61.70346
austria,1992,56.85128
austria,1993,57.0691
austria,1994,57.51692
austria,1995,60.90474
austria,1996,64.61401
austria,1997,63.80328
austria,1998,64.42255
austria,1999,62.76182
austria,2000,63.1311
austria,2001,67.50743
austria,2002,68.84377
austria,2003,74.17011
austria,2004,75.29645
austria,2005,75.89278
austria,2006,73.20817
austria,2007,70.79355
austria,2008,70.93893
austria,2009,64.96432
austria,2010,69.9497
austria,2011,68.05785
austria,2012,65.19601
austria,2013,65.52416
azerbaijan,1990,66.96136
azerbaijan,1991,75.91546
azerbaijan,1992,52.59024
azerbaijan,1993,61.00817
azerbaijan,1994,54.58116
azerbaijan,1995,52.36358
azerbaijan,1996,47.34349
azerbaijan,1997,46.7787
azerbaijan,1998,47.15802
azerbaijan,1999,46.95793
azerbaijan,2000,48.56901
azerbaijan,2001,47.78042
azerbaijan,2002,47.71417
azerbaijan,2003,44.52372
azerbaijan,2004,44.77513
azerbaijan,2005,47.99654
azerbaijan,2006,47.98325
azerbaijan,2007,43.78583
azerbaijan,2008,48.40199
azerbaijan,2009,46.58816
azerbaijan,2010,48.12432
azerbaijan,2011,54.11172
azerbaijan,2012,56.36671
azerbaijan,2013,59.58645
bahrain,1990,11.17488
bahrain,1991,10.79639
bahrain,1992,12.7179
bahrain,1993,13.51941
bahrain,1994,13.83092
bahrain,1995,14.01243
bahrain,1996,14.66482
bahrain,1997,14.95722
bahrain,1998,16.03962
bahrain,1999,16.04201
bahrain,2000,16.51441
bahrain,2001,17.05868
bahrain,2002,17.90295
bahrain,2003,18.65722
bahrain,2004,18.55149
bahrain,2005,21.35576
bahrain,2006,23.16745
bahrain,2007,23.70914
bahrain,2008,25.51084
bahrain,2009,25.39253
bahrain,2010,26.50422
bahrain,2011,26.55388
bahrain,2012,27.10355
bahrain,2013,29.32321
bangladesh,1990,13.60966
bangladesh,1991,12.96439
bangladesh,1992,13.97912
bangladesh,1993,14.74384
bangladesh,1994,15.76857
bangladesh,1995,18.7933
bangladesh,1996,19.00882
bangladesh,1997,21.10435
bangladesh,1998,21.37987
bangladesh,1999,22.0854
bangladesh,2000,23.39092
bangladesh,2001,27.30848
bangladesh,2002,29.08603
bangladesh,2003,30.36359
bangladesh,2004,32.36114
bangladesh,2005,34.6287
bangladesh,2006,37.89227
bangladesh,2007,40.03584
bangladesh,2008,43.61941
bangladesh,2009,46.80298
bangladesh,2010,52.64656
bangladesh,2011,56.08507
bangladesh,2012,60.11358
bangladesh,2013,62.42209
belarus,1990,101.83583
belarus,1991,98.17578
belarus,1992,88.72572
belarus,1993,77.17567
belarus,1994,65.75562
belarus,1995,58.61557
belarus,1996,59.5255
belarus,1997,59.97542
belarus,1998,58.11535
belarus,1999,55.95528
belarus,2000,54.0352
belarus,2001,52.86085
belarus,2002,52.7565
belarus,2003,53.36214
belarus,2004,56.49779
belarus,2005,57.06343
belarus,2006,59.31779
belarus,2007,57.83215
belarus,2008,60.5865
belarus,2009,58.11086
belarus,2010,62.08521
belarus,2011,59.14508
belarus,2012,59.98496
belarus,2013,60.44483
belgium,1990,108.16984
belgium,1991,112.82946
belgium,1992,111.00908
belgium,1993,108.9287
belgium,1994,113.72832
belgium,1995,113.37794
belgium,1996,118.54836
belgium,1997,115.40878
belgium,1998,117.97919
belgium,1999,114.29961
belgium,2000,115.70002
belgium,2001,116.35692
belgium,2002,109.17382
belgium,2003,113.97072
belgium,2004,112.65762
belgium,2005,108.86451
belgium,2006,105.81473
belgium,2007,101.53494
belgium,2008,105.67515
belgium,2009,98.53537
belgium,2010,107.47558
belgium,2011,95.76501
belgium,2012,94.14443
belgium,2013,95.58386
benin,1990,1.19708
benin,1991,1.13533
benin,1992,1.12359
benin,1993,1.11184
benin,1994,1.1001
benin,1995,1.09835
benin,1996,1.78227
benin,1997,2.0262
benin,1998,2.07012
benin,1999,2.20405
benin,2000,2.28797
benin,2001,2.62297
benin,2002,2.94797
benin,2003,3.26298
benin,2004,3.46798
benin,2005,3.75298
benin,2006,4.33675
benin,2007,4.90052
benin,2008,4.9843
benin,2009,5.35807
benin,2010,5.75184
benin,2011,5.88826
benin,2012,6.12468
benin,2013,6.4711
bolivia,1990,6.55171
bolivia,1991,6.7292
bolivia,1992,7.96729
bolivia,1993,9.07596
bolivia,1994,10.36993
bolivia,1995,9.78563
bolivia,1996,9.15217
bolivia,1997,8.9787
bolivia,1998,9.23524
bolivia,1999,8.40295
bolivia,2000,8.59536
bolivia,2001,8.40109
bolivia,2002,9.11034
bolivia,2003,10.1596
bolivia,2004,10.89062
bolivia,2005,11.69046
bolivia,2006,12.51905
bolivia,2007,13.51234
bolivia,2008,14.53564
bolivia,2009,15.26893
bolivia,2010,16.63223
bolivia,2011,17.95816
bolivia,2012,19.44173
bolivia,2013,20.1059
bosnia_herzegovina,1990,24.32615
bosnia_herzegovina,1991,21.84125
bosnia_herzegovina,1992,16.31634
bosnia_herzegovina,1993,13.78144
bosnia_herzegovina,1994,3.49653
bosnia_herzegovina,1995,3.74162
bosnia_herzegovina,1996,4.76963
bosnia_herzegovina,1997,9.22764
bosnia_herzegovina,1998,11.61565
bosnia_herzegovina,1999,11.53366
bosnia_herzegovina,2000,15.01167
bosnia_herzegovina,2001,14.84198
bosnia_herzegovina,2002,15.60228
bosnia_herzegovina,2003,15.97259
bosnia_herzegovina,2004,16.6529
bosnia_herzegovina,2005,17.3732
bosnia_herzegovina,2006,18.98721
bosnia_herzegovina,2007,19.95121
bosnia_herzegovina,2008,21.79521
bosnia_herzegovina,2009,21.75922
bosnia_herzegovina,2010,22.04322
bosnia_herzegovina,2011,24.99754
bosnia_herzegovina,2012,23.25186
bosnia_herzegovina,2013,23.14617
botswana,1990,3.64082
botswana,1991,3.61834
botswana,1992,4.20585
botswana,1993,4.19337
botswana,1994,4.05089
botswana,1995,4.2084
botswana,1996,3.94411
botswana,1997,4.09982
botswana,1998,4.72553
botswana,1999,4.91124
botswana,2000,5.08695
botswana,2001,4.91362
botswana,2002,5.09029
botswana,2003,4.99695
botswana,2004,5.03362
botswana,2005,5.36028
botswana,2006,5.1845
botswana,2007,5.44873
botswana,2008,5.53295
botswana,2009,5.88717
botswana,2010,4.48139
botswana,2011,5.04696
botswana,2012,6.12253
botswana,2013,6.4981
brazil,1990,204.75761
brazil,1991,210.57658
brazil,1992,215.64676
brazil,1993,221.36279
brazil,1994,228.58237
brazil,1995,245.52254
brazil,1996,264.64278
brazil,1997,282.01125
brazil,1998,290.47679
brazil,1999,300.1935
brazil,2000,312.67961
brazil,2001,321.34028
brazil,2002,320.89093
brazil,2003,315.32686
brazil,2004,333.53928
brazil,2005,337.26525
brazil,2006,340.27121
brazil,2007,356.70012
brazil,2008,376.01257
brazil,2009,355.43504
brazil,2010,400.35981
brazil,2011,418.92082
brazil,2012,449.05768
brazil,2013,481.26932
brunei,1990,12.34799
brunei,1991,11.95507
brunei,1992,12.27862
brunei,1993,12.69218
brunei,1994,13.09574
brunei,1995,13.60929
brunei,1996,14.13214
brunei,1997,14.825
brunei,1998,14.38785
brunei,1999,14.5807
brunei,2000,15.13355
brunei,2001,15.10611
brunei,2002,15.22868
brunei,2003,16.20124
brunei,2004,15.9638
brunei,2005,15.95636
brunei,2006,18.29903
brunei,2007,17.8817
brunei,2008,18.21437
brunei,2009,18.36705
brunei,2010,17.75972
brunei,2011,18.08869
brunei,2012,18.22765
brunei,2013,18.48074
bulgaria,1990,77.57755
bulgaria,1991,59.53323
bulgaria,1992,56.95891
bulgaria,1993,57.28459
bulgaria,1994,54.79027
bulgaria,1995,55.36595
bulgaria,1996,55.7254
bulgaria,1997,53.80485
bulgaria,1998,51.4643
bulgaria,1999,45.42375
bulgaria,2000,44.51319
bulgaria,2001,47.3597
bulgaria,2002,44.8162
bulgaria,2003,49.0827
bulgaria,2004,48.1492
bulgaria,2005,48.8457
bulgaria,2006,50.06629
bulgaria,2007,53.46687
bulgaria,2008,51.06746
bulgaria,2009,45.00805
bulgaria,2010,47.04864
bulgaria,2011,51.89671
bulgaria,2012,47.16478
bulgaria,2013,42.09285
cambodia,1995,2.92382
cambodia,1996,3.01323
cambodia,1997,3.14265
cambodia,1998,3.41206
cambodia,1999,3.47147
cambodia,2000,3.56088
cambodia,2001,3.79211
cambodia,2002,3.89333
cambodia,2003,4.10456
cambodia,2004,4.13579
cambodia,2005,4.45702
cambodia,2006,4.80845
cambodia,2007,5.48988
cambodia,2008,5.70131
cambodia,2009,6.33274
cambodia,2010,6.64417
cambodia,2011,6.88849
cambodia,2012,7.15281
cambodia,2013,7.29713
cameroon,1990,4.71648
cameroon,1991,4.52371
cameroon,1992,4.37093
cameroon,1993,8.53175
cameroon,1994,9.22604
cameroon,1995,9.05385
cameroon,1996,8.42119
cameroon,1997,8.60502
cameroon,1998,8.77884
cameroon,1999,8.54266
cameroon,2000,8.76766
cameroon,2001,8.38504
cameroon,2002,8.31714
cameroon,2003,8.22394
cameroon,2004,8.66252
cameroon,2005,8.76226
cameroon,2006,9.12922
cameroon,2007,10.28146
cameroon,2008,10.43429
cameroon,2009,11.00712
cameroon,2010,11.25995
cameroon,2011,10.43844
cameroon,2012,8.0716
cameroon,2013,10.09247
canada,1990,467.54172
canada,1991,463.74958
canada,1992,479.05332
canada,1993,478.40058
canada,1994,495.92549
canada,1995,508.99923
canada,1996,524.54441
canada,1997,542.23724
canada,1998,551.5742
canada,1999,562.07583
canada,2000,585.41984
canada,2001,577.2433
canada,2002,583.21853
canada,2003,603.09906
canada,2004,594.77134
canada,2005,603.71246
canada,2006,594.30442
canada,2007,627.3499
canada,2008,615.11422
canada,2009,586.72029
canada,2010,600.0346
canada,2011,611.79633
canada,2012,615.08747
canada,2013,629.17509
chile,1990,34.20776
chile,1991,33.01463
chile,1992,34.8368
chile,1993,35.53424
chile,1994,38.59581
chile,1995,41.61796
chile,1996,47.28395
chile,1997,53.62994
chile,1998,54.10592
chile,1999,56.47191
chile,2000,52.28789
chile,2001,50.43332
chile,2002,51.29875
chile,2003,52.60417
chile,2004,57.4296
chile,2005,58.57032
chile,2006,59.85239
chile,2007,67.5033
chile,2008,71.07008
chile,2009,68.44391
chile,2010,72.89058
chile,2011,79.67574
chile,2012,81.71019
chile,2013,86.58994
china,1990,2327.23595
china,1991,2446.20491
china,1992,2548.38388
china,1993,2760.59284
china,1994,2868.04181
china,1995,3177.21078
china,1996,3153.98906
china,1997,3180.27734
china,1998,3265.15562
china,1999,3157.2039
china,2000,3335.22217
china,2001,3518.88849
china,2002,3800.63481
china,2003,4383.11113
china,2004,5081.86744
china,2005,5742.89376
china,2006,6306.92456
china,2007,6871.85537
china,2008,7021.01617
china,2009,7447.97698
china,2010,8138.04778
china,2011,8902.47068
china,2012,9064.90358
china,2013,9430.22648
colombia,1990,53.66587
colombia,1991,55.5223
colombia,1992,58.13579
colombia,1993,60.38515
colombia,1994,60.55158
colombia,1995,63.35096
colombia,1996,63.37579
colombia,1997,68.03062
colombia,1998,68.61015
colombia,1999,61.38498
colombia,2000,63.42098
colombia,2001,64.37406
colombia,2002,62.73713
colombia,2003,62.55021
colombia,2004,63.16328
colombia,2005,65.25636
colombia,2006,65.54332
colombia,2007,67.16381
colombia,2008,68.67842
colombia,2009,72.87244
colombia,2010,74.65235
colombia,2011,80.30088
colombia,2012,79.35586
colombia,2013,86.84206
congo_dem_rep,1990,9.11541
congo_dem_rep,1991,7.75542
congo_dem_rep,1992,7.53543
congo_dem_rep,1993,7.50545
congo_dem_rep,1994,7.33546
congo_dem_rep,1995,7.26547
congo_dem_rep,1996,7.15638
congo_dem_rep,1997,7.05729
congo_dem_rep,1998,7.05819
congo_dem_rep,1999,6.9391
congo_dem_rep,2000,6.43
congo_dem_rep,2001,6.36554
congo_dem_rep,2002,6.48108
congo_dem_rep,2003,6.71661
congo_dem_rep,2004,6.85215
congo_dem_rep,2005,7.18768
congo_dem_rep,2006,7.4213
congo_dem_rep,2007,7.68491
congo_dem_rep,2008,7.96853
congo_dem_rep,2009,8.11214
congo_dem_rep,2010,8.35576
congo_dem_rep,2011,8.88807
congo_dem_rep,2012,8.85039
congo_dem_rep,2013,10.1027
congo_rep,1990,1.15974
congo_rep,1991,3.40139
congo_rep,1992,3.32477
congo_rep,1993,3.29816
congo_rep,1994,3.09154
congo_rep,1995,3.22492
congo_rep,1996,3.13265
congo_rep,1997,3.70685
congo_rep,1998,3.62516
congo_rep,1999,3.35464
congo_rep,2000,3.28353
congo_rep,2001,3.41154
congo_rep,2002,3.23485
congo_rep,2003,3.36344
congo_rep,2004,3.28204
congo_rep,2005,5.20008
congo_rep,2006,5.32891
congo_rep,2007,5.52187
congo_rep,2008,5.80541
congo_rep,2009,5.84483
congo_rep,2010,5.38719
congo_rep,2011,5.28036
congo_rep,2012,2.67113
congo_rep,2013,4.35491
costa_rica,1990,2.9348
costa_rica,1991,3.07058
costa_rica,1992,4.13636
costa_rica,1993,4.07214
costa_rica,1994,4.67793
costa_rica,1995,4.64371
costa_rica,1996,4.35681
costa_rica,1997,4.26992
costa_rica,1998,4.71303
costa_rica,1999,4.69614
costa_rica,2000,4.61925
costa_rica,2001,5.06434
costa_rica,2002,5.21943
costa_rica,2003,5.55452
costa_rica,2004,5.56962
costa_rica,2005,5.72471
costa_rica,2006,6.28211
costa_rica,2007,6.99951
costa_rica,2008,7.02691
costa_rica,2009,6.72431
costa_rica,2010,7.00171
costa_rica,2011,7.13783
costa_rica,2012,7.23396
costa_rica,2013,7.53008
cote_d_ivoire,1990,10.96591
cote_d_ivoire,1991,11.17744
cote_d_ivoire,1992,11.30898
cote_d_ivoire,1993,11.63051
cote_d_ivoire,1994,11.91205
cote_d_ivoire,1995,12.21358
cote_d_ivoire,1996,11.45598
cote_d_ivoire,1997,11.00838
cote_d_ivoire,1998,9.68077
cote_d_ivoire,1999,10.16317
cote_d_ivoire,2000,8.44557
cote_d_ivoire,2001,8.63398
cote_d_ivoire,2002,9.03238
cote_d_ivoire,2003,8.06079
cote_d_ivoire,2004,8.59919
cote_d_ivoire,2005,9.2676
cote_d_ivoire,2006,9.22731
cote_d_ivoire,2007,9.29703
cote_d_ivoire,2008,10.25675
cote_d_ivoire,2009,9.98646
cote_d_ivoire,2010,10.41618
cote_d_ivoire,2011,10.13312
cote_d_ivoire,2012,12.20006
cote_d_ivoire,2013,13.02699
croatia,1990,21.87834
croatia,1991,16.13759
croatia,1992,15.61684
croatia,1993,16.24609
croatia,1994,15.37534
croatia,1995,16.14459
croatia,1996,16.01216
croatia,1997,17.60972
croatia,1998,18.95729
croatia,1999,18.73486
croatia,2000,18.12242
croatia,2001,19.14605
croatia,2002,20.28967
croatia,2003,21.6833
croatia,2004,21.16693
croatia,2005,21.52056
croatia,2006,21.52655
croatia,2007,22.72255
croatia,2008,21.61854
croatia,2009,20.45454
croatia,2010,19.57054
croatia,2011,19.28061
croatia,2012,17.73069
croatia,2013,17.20076
cuba,1990,35.15617
cuba,1991,27.61719
cuba,1992,22.31822
cuba,1993,20.72924
cuba,1994,22.27027
cuba,1995,23.59129
cuba,1996,25.76714
cuba,1997,28.24653
cuba,1998,28.01297
cuba,1999,29.07882
cuba,2000,29.74467
cuba,2001,28.85667
cuba,2002,27.62867
cuba,2003,26.90068
cuba,2004,26.63268
cuba,2005,27.45468
cuba,2006,27.82504
cuba,2007,28.68541
cuba,2008,27.81577
cuba,2009,31.64614
cuba,2010,34.9418
cuba,2011,31.94575
cuba,2012,32.67441
cuba,2013,31.59306
cyprus,1990,3.89298
cyprus,1991,4.46271
cyprus,1992,4.74245
cyprus,1993,4.95219
cyprus,1994,5.15192
cyprus,1995,5.05166
cyprus,1996,5.3416
cyprus,1997,5.47154
cyprus,1998,5.81148
cyprus,1999,6.07142
cyprus,2000,6.30136
cyprus,2001,6.19168
cyprus,2002,6.34199
cyprus,2003,7.02231
cyprus,2004,6.92262
cyprus,2005,7.05294
cyprus,2006,7.11349
cyprus,2007,7.43403
cyprus,2008,7.57458
cyprus,2009,7.50513
cyprus,2010,7.26567
cyprus,2011,7.00583
cyprus,2012,6.51598
cyprus,2013,5.62614
czech_republic,1990,161.02826
czech_republic,1991,147.13209
czech_republic,1992,141.34593
czech_republic,1993,137.89976
czech_republic,1994,131.04359
czech_republic,1995,131.15742
czech_republic,1996,132.43168
czech_republic,1997,130.32595
czech_republic,1998,124.28021
czech_republic,1999,117.24448
czech_republic,2000,128.31874
czech_republic,2001,128.16906
czech_republic,2002,124.21939
czech_republic,2003,128.36971
czech_republic,2004,128.89003
czech_republic,2005,125.45035
czech_republic,2006,125.87969
czech_republic,2007,128.11903
czech_republic,2008,122.77836
czech_republic,2009,115.8777
czech_republic,2010,118.17703
czech_republic,2011,117.13431
czech_republic,2012,112.32159
czech_republic,2013,107.80886
denmark,1990,51.76548
denmark,1991,62.27422
denmark,1992,56.51884
denmark,1993,58.84933
denmark,1994,62.83925
denmark,1995,59.61445
denmark,1996,72.95245
denmark,1997,63.32515
denmark,1998,59.32903
denmark,1999,56.60997
denmark,2000,52.28502
denmark,2001,53.42601
denmark,2002,53.51759
denmark,2003,58.96094
denmark,2004,53.37428
denmark,2005,49.8488
denmark,2006,57.76794
denmark,2007,52.94238
denmark,2008,49.89682
denmark,2009,48.03655
denmark,2010,48.4204
denmark,2011,43.17027
denmark,2012,37.98486
denmark,2013,39.82415
dominican_republic,1990,7.90438
dominican_republic,1991,8.23258
dominican_republic,1992,9.61079
dominican_republic,1993,9.579
dominican_republic,1994,11.2372
dominican_republic,1995,11.90541
dominican_republic,1996,12.76564
dominican_republic,1997,14.49587
dominican_republic,1998,16.52611
dominican_republic,1999,17.54634
dominican_republic,2000,19.18657
dominican_republic,2001,18.74494
dominican_republic,2002,20.12331
dominican_republic,2003,17.77168
dominican_republic,2004,16.52005
dominican_republic,2005,18.30842
dominican_republic,2006,19.5236
dominican_republic,2007,19.59878
dominican_republic,2008,19.82396
dominican_republic,2009,19.51914
dominican_republic,2010,20.33432
dominican_republic,2011,20.58584
dominican_republic,2012,21.13735
dominican_republic,2013,20.90886
ecuador,1990,15.77725
ecuador,1991,16.35661
ecuador,1992,17.47479
ecuador,1993,16.50002
ecuador,1994,17.39408
ecuador,1995,19.97404
ecuador,1996,22.51051
ecuador,1997,23.63757
ecuador,1998,23.64404
ecuador,1999,19.77052
ecuador,2000,21.40699
ecuador,2001,22.595
ecuador,2002,23.163
ecuador,2003,23.05571
ecuador,2004,25.72372
ecuador,2005,27.37231
ecuador,2006,28.87819
ecuador,2007,29.57407
ecuador,2008,29.49584
ecuador,2009,31.68406
ecuador,2010,34.80583
ecuador,2011,35.80935
ecuador,2012,35.94049
ecuador,2013,38.75402
egypt,1990,88.53319
egypt,1991,89.59008
egypt,1992,91.82399
egypt,1993,91.42141
egypt,1994,85.83533
egypt,1995,90.08395
egypt,1996,95.23372
egypt,1997,102.68878
egypt,1998,108.11443
egypt,1999,113.1489
egypt,2000,111.11397
egypt,2001,123.25449
egypt,2002,125.53972
egypt,2003,130.38496
egypt,2004,141.56548
egypt,2005,158.55601
egypt,2006,166.2745
egypt,2007,178.00241
egypt,2008,185.51091
egypt,2009,189.2994
egypt,2010,191.04024
egypt,2011,197.50197
egypt,2012,203.40899
egypt,2013,190.28544
el_salvador,1990,2.74165
el_salvador,1991,3.47336
el_salvador,1992,3.92508
el_salvador,1993,4.36679
el_salvador,1994,4.9685
el_salvador,1995,5.52022
el_salvador,1996,4.95375
el_salvador,1997,5.84729
el_salvador,1998,6.21083
el_salvador,1999,6.20436
el_salvador,2000,6.2379
el_salvador,2001,6.5927
el_salvador,2002,6.61749
el_salvador,2003,7.01229
el_salvador,2004,7.05709
el_salvador,2005,7.39189
el_salvador,2006,7.66661
el_salvador,2007,8.07133
el_salvador,2008,7.31605
el_salvador,2009,7.29078
el_salvador,2010,7.0255
el_salvador,2011,7.23265
el_salvador,2012,7.2598
el_salvador,2013,6.98695
eritrea,1992,2.49826
eritrea,1993,2.72229
eritrea,1994,2.83633
eritrea,1995,2.94036
eritrea,1996,2.87806
eritrea,1997,2.69577
eritrea,1998,2.35348
eritrea,1999,2.25118
eritrea,2000,2.10889
eritrea,2001,2.14221
eritrea,2002,2.10553
eritrea,2003,2.07885
eritrea,2004,2.06216
eritrea,2005,1.93548
eritrea,2006,1.81313
eritrea,2007,1.75078
eritrea,2008,1.62843
eritrea,2009,1.59608
eritrea,2010,1.57374
eritrea,2011,1.6259
eritrea,2012,1.67806
eritrea,2013,1.69022
estonia,1990,37.30037
estonia,1991,33.53762
estonia,1992,24.81486
estonia,1993,19.16211
estonia,1994,18.49936
estonia,1995,16.7066
estonia,1996,17.69656
estonia,1997,17.29651
estonia,1998,16.74647
estonia,1999,15.73642
estonia,2000,15.36638
estonia,2001,15.83773
estonia,2002,15.45908
estonia,2003,17.45042
estonia,2004,17.51177
estonia,2005,17.72312
estonia,2006,16.44477
estonia,2007,20.26642
estonia,2008,18.70808
estonia,2009,15.71973
estonia,2010,19.62138
estonia,2011,18.67773
estonia,2012,17.37407
estonia,2013,19.80041
ethiopia,1990,10.4898
ethiopia,1991,10.81396
ethiopia,1992,10.27812
ethiopia,1993,10.93228
ethiopia,1994,11.50645
ethiopia,1995,12.02061
ethiopia,1996,12.80921
ethiopia,1997,13.4878
ethiopia,1998,14.1864
ethiopia,1999,14.695
ethiopia,2000,15.49359
ethiopia,2001,16.73761
ethiopia,2002,17.31163
ethiopia,2003,18.08564
ethiopia,2004,18.70966
ethiopia,2005,18.80367
ethiopia,2006,19.49412
ethiopia,2007,20.45456
ethiopia,2008,21.295
ethiopia,2009,21.77544
ethiopia,2010,22.12589
ethiopia,2011,23.2615
ethiopia,2012,23.89711
ethiopia,2013,25.37272
european_union_15,1990,3161.65534
european_union_15,1991,3216.66351
european_union_15,1992,3146.95838
european_union_15,1993,3096.5687
european_union_15,1994,3095.81839
european_union_15,1995,3127.96161
european_union_15,1996,3221.53314
european_union_15,1997,3150.35509
european_union_15,1998,3188.40482
european_union_15,1999,3167.52528
european_union_15,2000,3186.5078
european_union_15,2001,3243.13257
european_union_15,2002,3231.85204
european_union_15,2003,3300.38269
european_union_15,2004,3301.97629
european_union_15,2005,3277.52518
european_union_15,2006,3266.45447
european_union_15,2007,3203.62373
european_union_15,2008,3139.01361
european_union_15,2009,2906.02525
european_union_15,2010,2988.28572
european_union_15,2011,2839.70921
european_union_15,2012,2830.04919
european_union_15,2013,2777.83681
european_union_28,1990,4217.5495
european_union_28,1991,4193.8884
european_union_28,1992,4053.474
european_union_28,1993,3980.27505
european_union_28,1994,3953.19548
european_union_28,1995,3988.02943
european_union_28,1996,4103.95293
european_union_28,1997,4004.93685
european_union_28,1998,3993.11855
european_union_28,1999,3929.88098
european_union_28,2000,3938.48547
european_union_28,2001,4007.4973
european_union_28,2002,3982.79457
european_union_28,2003,4083.72159
european_union_28,2004,4082.44556
european_union_28,2005,4056.11217
european_union_28,2006,4058.98354
european_union_28,2007,4000.23759
european_union_28,2008,3918.20915
european_union_28,2009,3632.28093
european_union_28,2010,3739.32487
european_union_28,2011,3589.76706
european_union_28,2012,3552.39658
european_union_28,2013,3474.77094
finland,1990,55.13254
finland,1991,55.86005
finland,1992,53.12755
finland,1993,54.43506
finland,1994,60.90257
finland,1995,57.06007
finland,1996,63.51135
finland,1997,61.49263
finland,1998,58.13391
finland,1999,57.33519
finland,2000,55.87647
finland,2001,61.82721
finland,2002,64.18795
finland,2003,72.4587
finland,2004,68.36944
finland,2005,56.11018
finland,2006,67.63955
finland,2007,65.66891
finland,2008,57.26828
finland,2009,54.90764
finland,2010,63.267
finland,2011,55.86511
finland,2012,50.19321
finland,2013,50.79131
france,1990,359.98455
france,1991,384.71336
france,1992,373.75216
france,1993,355.37096
france,1994,350.16976
france,1995,358.12856
france,1996,373.47923
france,1997,364.44989
france,1998,385.38056
france,1999,378.97122
france,2000,376.49189
france,2001,379.45256
france,2002,373.17323
france,2003,378.3539
france,2004,378.56458
france,2005,379.45525
france,2006,369.84929
france,2007,361.66333
france,2008,357.80737
france,2009,341.95141
france,2010,348.48546
france,2011,318.91192
france,2012,320.21838
france,2013,325.68484
gabon,1990,6.18842
gabon,1991,6.42166
gabon,1992,6.68902
gabon,1993,6.77756
gabon,1994,6.52727
gabon,1995,6.68581
gabon,1996,6.4697
gabon,1997,6.22359
gabon,1998,5.98748
gabon,1999,5.55137
gabon,2000,5.04584
gabon,2001,4.93621
gabon,2002,4.68186
gabon,2003,4.75635
gabon,2004,4.77613
gabon,2005,4.99649
gabon,2006,4.41213
gabon,2007,4.42483
gabon,2008,4.49695
gabon,2009,4.56907
gabon,2010,5.16119
gabon,2011,6.05364
gabon,2012,3.65781
gabon,2013,6.23558
georgia,1990,39.68593
georgia,1991,30.6876
georgia,1992,24.02926
georgia,1993,19.14093
georgia,1994,12.56259
georgia,1995,9.28426
georgia,1996,7.76164
georgia,1997,7.20903
georgia,1998,6.91641
georgia,1999,6.68379
georgia,2000,7.22117
georgia,2001,5.72645
georgia,2002,4.94173
georgia,2003,4.90701
georgia,2004,4.84229
georgia,2005,5.48757
georgia,2006,5.88539
georgia,2007,6.7732
georgia,2008,5.92101
georgia,2009,6.49883
georgia,2010,6.15664
georgia,2011,7.14409
georgia,2012,7.83153
georgia,2013,7.95898
germany,1990,978.51593
germany,1991,955.30414
germany,1992,913.2041
germany,1993,905.57288
germany,1994,891.79756
germany,1995,887.0834
germany,1996,916.71837
germany,1997,883.63392
germany,1998,874.81889
germany,1999,844.028
germany,2000,840.50827
germany,2001,858.89022
germany,2002,844.48746
germany,2003,846.39
germany,2004,829.32313
germany,2005,810.55979
germany,2006,822.75588
germany,2007,790.08668
germany,2008,798.25277
germany,2009,742.87945
germany,2010,780.92672
germany,2011,753.37815
germany,2012,766.58605
germany,2013,785.44866
ghana,1990,4.09689
ghana,1991,3.92591
ghana,1992,4.42494
ghana,1993,4.55397
ghana,1994,4.89299
ghana,1995,5.25202
ghana,1996,5.6096
ghana,1997,5.77718
ghana,1998,7.69476
ghana,1999,8.15234
ghana,2000,7.35992
ghana,2001,8.01146
ghana,2002,9.373
ghana,2003,9.24454
ghana,2004,8.90608
ghana,2005,9.53762
ghana,2006,10.94369
ghana,2007,11.64975
ghana,2008,11.06582
ghana,2009,12.61188
ghana,2010,13.85795
ghana,2011,14.65345
ghana,2012,16.27306
ghana,2013,17.35974
greece,1990,72.15342
greece,1991,72.44755
greece,1992,74.69086
greece,1993,74.62924
greece,1994,76.25143
greece,1995,78.95261
greece,1996,78.8959
greece,1997,79.92692
greece,1998,83.38058
greece,1999,83.71425
greece,2000,90.66791
greece,2001,92.80721
greece,2002,93.09652
greece,2003,96.67582
greece,2004,96.34512
greece,2005,98.03442
greece,2006,96.97045
greece,2007,100.73649
greece,2008,97.15252
greece,2009,92.94855
greece,2010,86.13458
greece,2011,84.87085
greece,2012,79.72712
greece,2013,71.56339
guatemala,1990,4.93412
guatemala,1991,5.12607
guatemala,1992,5.95803
guatemala,1993,6.35999
guatemala,1994,6.64194
guatemala,1995,7.5739
guatemala,1996,7.57058
guatemala,1997,7.97727
guatemala,1998,9.72396
guatemala,1999,9.72065
guatemala,2000,10.89734
guatemala,2001,11.34051
guatemala,2002,12.05368
guatemala,2003,12.07685
guatemala,2004,12.73001
guatemala,2005,13.14318
guatemala,2006,13.16989
guatemala,2007,14.0366
guatemala,2008,12.82331
guatemala,2009,13.83002
guatemala,2010,12.92673
guatemala,2011,13.13724
guatemala,2012,13.27774
guatemala,2013,14.95825
haiti,1990,1.43945
haiti,1991,1.42015
haiti,1992,1.34086
haiti,1993,1.19157
haiti,1994,0.74228
haiti,1995,1.46298
haiti,1996,1.6565
haiti,1997,1.91001
haiti,1998,1.96353
haiti,1999,2.04704
haiti,2000,2.11056
haiti,2001,2.27049
haiti,2002,2.52042
haiti,2003,2.45035
haiti,2004,2.74029
haiti,2005,2.85022
haiti,2006,2.931
haiti,2007,3.24177
haiti,2008,3.26255
haiti,2009,3.20333
haiti,2010,3.08411
haiti,2011,3.13891
haiti,2012,3.09371
haiti,2013,3.19851
honduras,1990,2.85918
honduras,1991,2.86787
honduras,1992,3.18656
honduras,1993,3.35525
honduras,1994,3.79394
honduras,1995,4.39263
honduras,1996,4.36277
honduras,1997,4.4829
honduras,1998,5.20304
honduras,1999,5.26317
honduras,2000,5.40331
honduras,2001,6.24983
honduras,2002,6.63634
honduras,2003,7.31286
honduras,2004,8.14937
honduras,2005,8.31589
honduras,2006,7.55856
honduras,2007,9.30123
honduras,2008,9.06389
honduras,2009,8.60656
honduras,2010,8.56923
honduras,2011,9.61461
honduras,2012,9.59998
honduras,2013,9.72536
hungary,1990,68.87877
hungary,1991,66.61108
hungary,1992,60.26339
hungary,1993,60.4257
hungary,1994,59.62801
hungary,1995,59.21032
hungary,1996,60.30926
hungary,1997,58.77821
hungary,1998,59.08716
hungary,1999,59.6561
hungary,2000,56.24505
hungary,2001,57.91651
hungary,2002,57.15604
hungary,2003,59.76666
hungary,2004,58.03975
hungary,2005,57.6943
hungary,2006,57.01645
hungary,2007,55.2953
hungary,2008,54.43576
hungary,2009,49.46146
hungary,2010,50.06867
hungary,2011,48.2433
hungary,2012,44.66794
hungary,2013,43.05257
iceland,1990,1.92781
iceland,1991,1.89974
iceland,1992,1.93167
iceland,1993,1.9936
iceland,1994,2.10553
iceland,1995,2.00746
iceland,1996,2.27153
iceland,1997,2.16561
iceland,1998,2.14968
iceland,1999,2.11376
iceland,2000,2.22783
iceland,2001,2.1896
iceland,2002,2.28137
iceland,2003,2.27314
iceland,2004,2.34491
iceland,2005,2.31668
iceland,2006,2.35657
iceland,2007,2.39646
iceland,2008,2.18635
iceland,2009,2.14624
iceland,2010,2.01613
iceland,2011,1.94589
iceland,2012,1.93565
iceland,2013,2.09541
india,1990,635.30107
india,1991,680.67075
india,1992,704.85156
india,1993,728.18408
india,1994,764.19137
india,1995,819.22634
india,1996,854.88924
india,1997,899.05685
india,1998,915.71505
india,1999,981.68796
india,2000,1019.63086
india,2001,1035.18
india,2002,1069.298
india,2003,1092.40543
india,2004,1170.14578
india,2005,1225.19908
india,2006,1299.89014
india,2007,1417.76473
india,2008,1502.28933
india,2009,1673.92275
india,2010,1758.88264
india,2011,1842.03992
india,2012,1960.94071
india,2013,2027.85919
indonesia,1990,199.69371
indonesia,1991,214.21622
indonesia,1992,224.54048
indonesia,1993,240.08532
indonesia,1994,251.72952
indonesia,1995,278.88788
indonesia,1996,290.20929
indonesia,1997,312.73658
indonesia,1998,320.5121
indonesia,1999,340.54527
indonesia,2000,333.93902
indonesia,2001,352.62483
indonesia,2002,356.39355
indonesia,2003,385.27643
indonesia,2004,391.14751
indonesia,2005,392.99037
indonesia,2006,413.56458
indonesia,2007,427.82117
indonesia,2008,426.23895
indonesia,2009,445.54912
indonesia,2010,455.22449
indonesia,2011,468.23545
indonesia,2012,466.9027
indonesia,2013,489.10555
iran,1990,203.25523
iran,1991,242.27301
iran,1992,259.35231
iran,1993,258.34565
iran,1994,289.69024
iran,1995,302.22607
iran,1996,310.12564
iran,1997,321.82519
iran,1998,323.3365
iran,1999,357.50843
iran,2000,372.04506
iran,2001,383.4192
iran,2002,402.58991
iran,2003,426.05011
iran,2004,456.65786
iran,2005,490.19325
iran,2006,529.3449
iran,2007,560.58527
iran,2008,570.55861
iran,2009,586.46189
iran,2010,582.70934
iran,2011,592.32811
iran,2012,566.54174
iran,2013,620.21389
iraq,1990,139.17074
iraq,1991,112.04568
iraq,1992,122.76952
iraq,1993,132.9875
iraq,1994,132.80018
iraq,1995,117.98286
iraq,1996,135.30263
iraq,1997,167.833
iraq,1998,148.35983
iraq,1999,145.32313
iraq,2000,169.9229
iraq,2001,174.46222
iraq,2002,164.08154
iraq,2003,153.37557
iraq,2004,151.15136
iraq,2005,158.6838
iraq,2006,158.68163
iraq,2007,156.18064
iraq,2008,168.38845
iraq,2009,194.20514
iraq,2010,211.40535
iraq,2011,225.0336
iraq,2012,248.23892
iraq,2013,260.97536
ireland,1990,30.92941
ireland,1991,31.51943
ireland,1992,31.60946
ireland,1993,31.75948
ireland,1994,32.78951
ireland,1995,33.34954
ireland,1996,34.70424
ireland,1997,35.69895
ireland,1998,38.31366
ireland,1999,39.80837
ireland,2000,41.52308
ireland,2001,43.65103
ireland,2002,42.76899
ireland,2003,42.65695
ireland,2004,43.07491
ireland,2005,44.93287
ireland,2006,45.88901
ireland,2007,45.13515
ireland,2008,44.71128
ireland,2009,40.14742
ireland,2010,39.99355
ireland,2011,35.88173
ireland,2012,36.34991
ireland,2013,35.0781
israel,1990,33.03428
israel,1991,33.58294
israel,1992,35.8416
israel,1993,39.34025
israel,1994,42.18891
israel,1995,45.22757
israel,1996,47.43992
israel,1997,49.63228
israel,1998,49.71463
israel,1999,51.10699
israel,2000,55.25935
israel,2001,56.59883
israel,2002,59.79831
israel,2003,61.59779
israel,2004,61.87201
israel,2005,59.54201
israel,2006,62.79536
israel,2007,65.09055
israel,2008,65.326
israel,2009,64.73145
israel,2010,69.33774
israel,2011,68.42492
israel,2012,74.71422
israel,2013,68.66099
italy,1990,402.69707
italy,1991,401.72731
italy,1992,399.22755
italy,1993,396.32779
italy,1994,392.01803
italy,1995,414.66827
italy,1996,411.67533
italy,1997,414.7424
italy,1998,425.20946
italy,1999,431.04652
italy,2000,433.68358
italy,2001,433.24863
italy,2002,440.06369
italy,2003,457.92875
italy,2004,467.4738
italy,2005,468.70886
italy,2006,461.45402
italy,2007,453.71918
italy,2008,441.11435
italy,2009,395.95951
italy,2010,404.21468
italy,2011,396.34886
italy,2012,378.91305
italy,2013,349.78724
jamaica,1990,7.32385
jamaica,1991,7.29493
jamaica,1992,7.97601
jamaica,1993,8.17708
jamaica,1994,8.23816
jamaica,1995,8.49923
jamaica,1996,8.85306
jamaica,1997,9.0569
jamaica,1998,9.56073
jamaica,1999,9.83456
jamaica,2000,9.89839
jamaica,2001,9.9188
jamaica,2002,10.08921
jamaica,2003,10.37962
jamaica,2004,10.36003
jamaica,2005,10.39045
jamaica,2006,11.8635
jamaica,2007,11.87655
jamaica,2008,9.8396
jamaica,2009,7.66265
jamaica,2010,7.1157
jamaica,2011,7.48832
jamaica,2012,7.05094
jamaica,2013,7.50357
japan,1990,1052.83666
japan,1991,1056.03163
japan,1992,1066.7366
japan,1993,1058.72158
japan,1994,1108.06655
japan,1995,1120.74152
japan,1996,1133.71637
japan,1997,1127.61122
japan,1998,1098.85607
japan,1999,1139.13092
japan,2000,1154.32577
japan,2001,1143.64864
japan,2002,1181.2315
japan,2003,1188.06436
japan,2004,1184.29723
japan,2005,1189.3301
japan,2006,1173.82607
japan,2007,1217.76204
japan,2008,1131.75801
japan,2009,1070.93398
japan,2010,1122.64996
japan,2011,1176.43788
japan,2012,1219.4158
japan,2013,1240.08372
jordan,1990,9.45517
jordan,1991,9.49787
jordan,1992,10.96056
jordan,1993,11.09326
jordan,1994,11.74595
jordan,1995,12.48864
jordan,1996,12.85458
jordan,1997,13.46052
jordan,1998,13.93646
jordan,1999,13.96239
jordan,2000,14.61833
jordan,2001,14.50253
jordan,2002,15.38673
jordan,2003,15.19094
jordan,2004,17.06514
jordan,2005,18.31934
jordan,2006,18.7534
jordan,2007,19.57747
jordan,2008,18.92153
jordan,2009,19.69559
jordan,2010,19.16966
jordan,2011,20.21878
jordan,2012,23.0979
jordan,2013,22.77703
kazakhstan,1990,286.34026
kazakhstan,1991,291.99135
kazakhstan,1992,293.25287
kazakhstan,1993,252.62677
kazakhstan,1994,226.78832
kazakhstan,1995,198.984
kazakhstan,1996,175.73137
kazakhstan,1997,151.86991
kazakhstan,1998,154.4473
kazakhstan,1999,141.3382
kazakhstan,2000,136.6744
kazakhstan,2001,134.13876
kazakhstan,2002,144.10135
kazakhstan,2003,159.17277
kazakhstan,2004,173.36952
kazakhstan,2005,186.00861
kazakhstan,2006,204.42999
kazakhstan,2007,214.16362
kazakhstan,2008,258.46616
kazakhstan,2009,232.1887
kazakhstan,2010,251.81123
kazakhstan,2011,270.84691
kazakhstan,2012,265.87245
kazakhstan,2013,286.09577
kenya,1990,10.58132
kenya,1991,10.4362
kenya,1992,10.52107
kenya,1993,10.52594
kenya,1994,10.57082
kenya,1995,11.06569
kenya,1996,11.64819
kenya,1997,11.55068
kenya,1998,12.18318
kenya,1999,12.56567
kenya,2000,13.52817
kenya,2001,12.9034
kenya,2002,12.73862
kenya,2003,11.84385
kenya,2004,12.77908
kenya,2005,13.6243
kenya,2006,14.7064
kenya,2007,14.77849
kenya,2008,15.35059
kenya,2009,17.08268
kenya,2010,18.00478
kenya,2011,18.18543
kenya,2012,17.31608
kenya,2013,18.73672
korea_dem_rep_north,1990,136.07931
korea_dem_rep_north,1991,129.26482
korea_dem_rep_north,1992,115.39033
korea_dem_rep_north,1993,106.59585
korea_dem_rep_north,1994,97.85136
korea_dem_rep_north,1995,91.70687
korea_dem_rep_north,1996,82.14151
korea_dem_rep_north,1997,79.53616
korea_dem_rep_north,1998,74.3108
korea_dem_rep_north,1999,79.47544
korea_dem_rep_north,2000,84.32008
korea_dem_rep_north,2001,87.0176
korea_dem_rep_north,2002,84.13512
korea_dem_rep_north,2003,85.94263
korea_dem_rep_north,2004,87.87015
korea_dem_rep_north,2005,91.47766
korea_dem_rep_north,2006,92.85654
korea_dem_rep_north,2007,79.78542
korea_dem_rep_north,2008,87.0743
korea_dem_rep_north,2009,86.78317
korea_dem_rep_north,2010,82.63205
korea_dem_rep_north,2011,63.50461
korea_dem_rep_north,2012,64.74717
korea_dem_rep_north,2013,51.32973
korea_rep_south,1990,241.87638
korea_rep_south,1991,265.48597
korea_rep_south,1992,285.16557
korea_rep_south,1993,311.74516
korea_rep_south,1994,335.88475
korea_rep_south,1995,365.33434
korea_rep_south,1996,389.8501
korea_rep_south,1997,410.61585
korea_rep_south,1998,352.15161
korea_rep_south,1999,386.74736
korea_rep_south,2000,440.60312
korea_rep_south,2001,454.67891
korea_rep_south,2002,444.8347
korea_rep_south,2003,446.83049
korea_rep_south,2004,468.95627
korea_rep_south,2005,466.92206
korea_rep_south,2006,474.3933
korea_rep_south,2007,487.49453
korea_rep_south,2008,499.33577
korea_rep_south,2009,512.987
korea_rep_south,2010,562.26824
korea_rep_south,2011,585.1842
korea_rep_south,2012,587.06017
korea_rep_south,2013,584.12613
kuwait,1990,77.12306
kuwait,1991,90.8887
kuwait,1992,84.92946
kuwait,1993,98.07413
kuwait,1994,109.34881
kuwait,1995,116.00348
kuwait,1996,115.65269
kuwait,1997,117.34191
kuwait,1998,124.14112
kuwait,1999,128.61034
kuwait,2000,132.68955
kuwait,2001,140.22234
kuwait,2002,146.36219
kuwait,2003,152.00029
kuwait,2004,158.31366
kuwait,2005,170.48115
kuwait,2006,173.26685
kuwait,2007,172.72782
kuwait,2008,177.15293
kuwait,2009,184.39275
kuwait,2010,183.34256
kuwait,2011,188.0379
kuwait,2012,192.3803
kuwait,2013,191.01858
kyrgyzstan,1990,24.54957
kyrgyzstan,1991,21.98991
kyrgyzstan,1992,14.61024
kyrgyzstan,1993,10.87057
kyrgyzstan,1994,7.20091
kyrgyzstan,1995,5.05124
kyrgyzstan,1996,6.11037
kyrgyzstan,1997,5.9695
kyrgyzstan,1998,6.26863
kyrgyzstan,1999,5.17777
kyrgyzstan,2000,4.9869
kyrgyzstan,2001,4.30611
kyrgyzstan,2002,5.29532
kyrgyzstan,2003,5.82452
kyrgyzstan,2004,5.75373
kyrgyzstan,2005,5.47294
kyrgyzstan,2006,5.44385
kyrgyzstan,2007,6.53476
kyrgyzstan,2008,7.56567
kyrgyzstan,2009,7.06658
kyrgyzstan,2010,6.57749
kyrgyzstan,2011,7.76575
kyrgyzstan,2012,10.13401
kyrgyzstan,2013,9.47227
latvia,1990,19.47477
latvia,1991,17.85994
latvia,1992,14.49512
latvia,1993,12.38029
latvia,1994,10.77546
latvia,1995,9.54064
latvia,1996,9.49856
latvia,1997,8.99648
latvia,1998,8.5744
latvia,1999,7.95232
latvia,2000,7.34024
latvia,2001,7.75816
latvia,2002,7.76609
latvia,2003,7.99401
latvia,2004,8.00193
latvia,2005,8.11986
latvia,2006,8.58328
latvia,2007,8.90671
latvia,2008,8.49013
latvia,2009,7.74356
latvia,2010,8.65698
latvia,2011,7.91622
latvia,2012,7.57546
latvia,2013,7.50471
lebanon,1990,5.61305
lebanon,1991,7.04927
lebanon,1992,6.99548
lebanon,1993,10.2117
lebanon,1994,11.19791
lebanon,1995,12.91413
lebanon,1996,13.41944
lebanon,1997,15.34475
lebanon,1998,14.99006
lebanon,1999,15.75538
lebanon,2000,14.09069
lebanon,2001,15.25168
lebanon,2002,15.20266
lebanon,2003,15.15365
lebanon,2004,15.28464
lebanon,2005,14.56563
lebanon,2006,13.76514
lebanon,2007,12.11466
lebanon,2008,15.88418
lebanon,2009,19.3737
lebanon,2010,18.31322
lebanon,2011,18.60671
lebanon,2012,21.1202
lebanon,2013,20.73368
libya,1990,89.61818
libya,1991,87.13962
libya,1992,84.31753
libya,1993,85.01487
libya,1994,89.64282
libya,1995,91.62606
libya,1996,93.70622
libya,1997,93.98109
libya,1998,95.02184
libya,1999,93.49257
libya,2000,95.61038
libya,2001,99.34949
libya,2002,103.56154
libya,2003,106.32946
libya,2004,109.67504
libya,2005,115.37125
libya,2006,116.80164
libya,2007,115.74084
libya,2008,122.77006
libya,2009,126.65571
libya,2010,131.83786
libya,2011,112.7898
libya,2012,126.15893
libya,2013,127.51091
lithuania,1990,32.92186
lithuania,1991,34.93882
lithuania,1992,19.84577
lithuania,1993,15.94273
lithuania,1994,14.96968
lithuania,1995,13.93664
lithuania,1996,14.40755
lithuania,1997,14.04845
lithuania,1998,14.78935
lithuania,1999,12.39026
lithuania,2000,10.71116
lithuania,2001,11.36796
lithuania,2002,11.43476
lithuania,2003,11.46157
lithuania,2004,12.07837
lithuania,2005,12.81517
lithuania,2006,12.92422
lithuania,2007,13.06328
lithuania,2008,12.99234
lithuania,2009,11.8114
lithuania,2010,12.72046
lithuania,2011,11.88169
lithuania,2012,11.89291
lithuania,2013,11.26414
luxembourg,1990,10.83687
luxembourg,1991,11.33184
luxembourg,1992,11.01682
luxembourg,1993,11.32179
luxembourg,1994,10.43677
luxembourg,1995,8.35174
luxembourg,1996,8.4176
luxembourg,1997,7.93346
luxembourg,1998,7.25932
luxembourg,1999,7.60518
luxembourg,2000,8.21104
luxembourg,2001,8.8409
luxembourg,2002,9.54076
luxembourg,2003,10.02063
luxembourg,2004,11.42049
luxembourg,2005,11.68035
luxembourg,2006,11.48587
luxembourg,2007,10.89138
luxembourg,2008,10.80689
luxembourg,2009,10.2424
luxembourg,2010,10.81792
luxembourg,2011,10.6787
luxembourg,2012,10.48948
luxembourg,2013,9.95026
macedonia_fyr,1990,8.87419
macedonia_fyr,1991,8.67426
macedonia_fyr,1992,8.63433
macedonia_fyr,1993,8.9544
macedonia_fyr,1994,8.67447
macedonia_fyr,1995,8.63454
macedonia_fyr,1996,10.19858
macedonia_fyr,1997,9.13262
macedonia_fyr,1998,9.99666
macedonia_fyr,1999,9.2407
macedonia_fyr,2000,8.88474
macedonia_fyr,2001,9.01788
macedonia_fyr,2002,8.47103
macedonia_fyr,2003,9.16417
macedonia_fyr,2004,8.87732
macedonia_fyr,2005,9.22046
macedonia_fyr,2006,9.21408
macedonia_fyr,2007,9.6277
macedonia_fyr,2008,9.42132
macedonia_fyr,2009,8.80494
macedonia_fyr,2010,8.61856
macedonia_fyr,2011,9.45474
macedonia_fyr,2012,9.12092
macedonia_fyr,2013,8.1671
malaysia,1990,64.5239
malaysia,1991,72.17503
malaysia,1992,78.4939
malaysia,1993,81.30152
malaysia,1994,87.19976
malaysia,1995,94.458
malaysia,1996,106.61454
malaysia,1997,113.85107
malaysia,1998,115.1176
malaysia,1999,124.59413
malaysia,2000,134.15067
malaysia,2001,139.93541
malaysia,2002,149.07078
malaysia,2003,156.3773
malaysia,2004,170.39793
malaysia,2005,179.89855
malaysia,2006,185.74629
malaysia,2007,201.77462
malaysia,2008,214.13119
malaysia,2009,194.62306
malaysia,2010,213.6955
malaysia,2011,215.98472
malaysia,2012,215.50801
malaysia,2013,234.32609
malta,1990,2.31851
malta,1991,2.22868
malta,1992,2.17885
malta,1993,2.80902
malta,1994,2.50918
malta,1995,2.38935
malta,1996,2.32939
malta,1997,2.48944
malta,1998,2.37948
malta,1999,2.41952
malta,2000,2.14956
malta,2001,2.50956
malta,2002,2.33956
malta,2003,2.60956
malta,2004,2.60956
malta,2005,2.72956
malta,2006,2.5997
malta,2007,2.75983
malta,2008,2.58996
malta,2009,2.4801
malta,2010,2.58023
malta,2011,2.57042
malta,2012,2.71061
malta,2013,2.3708
mauritius,1990,1.17822
mauritius,1991,1.2592
mauritius,1992,1.33018
mauritius,1993,1.49115
mauritius,1994,1.54213
mauritius,1995,1.56311
mauritius,1996,1.64418
mauritius,1997,1.64525
mauritius,1998,1.81633
mauritius,1999,2.2274
mauritius,2000,2.45847
mauritius,2001,2.6002
mauritius,2002,2.64194
mauritius,2003,2.78367
mauritius,2004,2.80541
mauritius,2005,3.00714
mauritius,2006,3.34775
mauritius,2007,3.42836
mauritius,2008,3.51897
mauritius,2009,3.45959
mauritius,2010,3.7002
mauritius,2011,3.69079
mauritius,2012,3.77138
mauritius,2013,3.87197
mexico,1990,294.31259
mexico,1991,313.32519
mexico,1992,316.99778
mexico,1993,328.25512
mexico,1994,352.78301
mexico,1995,336.95327
mexico,1996,356.29908
mexico,1997,379.83312
mexico,1998,404.24946
mexico,1999,392.16103
mexico,2000,416.53559
mexico,2001,417.65469
mexico,2002,425.49849
mexico,2003,444.5582
mexico,2004,452.90199
mexico,2005,472.437
mexico,2006,486.73326
mexico,2007,497.16663
mexico,2008,510.27602
mexico,2009,494.461
mexico,2010,500.11537
mexico,2011,511.37443
mexico,2012,508.62408
mexico,2013,497.7432
moldova,1990,31.80224
moldova,1991,25.76211
moldova,1992,20.89198
moldova,1993,17.95186
moldova,1994,14.64173
moldova,1995,12.6216
moldova,1996,10.88912
moldova,1997,9.98663
moldova,1998,9.08414
moldova,1999,7.77165
moldova,2000,7.14916
moldova,2001,7.48441
moldova,2002,7.63965
moldova,2003,8.23489
moldova,2004,8.25014
moldova,2005,8.48538
moldova,2006,8.33395
moldova,2007,8.24251
moldova,2008,8.23108
moldova,2009,8.19965
moldova,2010,8.82821
moldova,2011,8.80136
moldova,2012,8.64451
moldova,2013,7.73765
mongolia,1990,13.33126
mongolia,1991,15.15956
mongolia,1992,13.28785
mongolia,1993,12.28615
mongolia,1994,10.73444
mongolia,1995,10.66274
mongolia,1996,9.09146
mongolia,1997,8.93018
mongolia,1998,8.9789
mongolia,1999,9.03762
mongolia,2000,9.44634
mongolia,2001,9.45138
mongolia,2002,10.08642
mongolia,2003,9.81146
mongolia,2004,10.09651
mongolia,2005,11.59155
mongolia,2006,12.97872
mongolia,2007,13.57589
mongolia,2008,13.53307
mongolia,2009,14.26024
mongolia,2010,14.87741
mongolia,2011,16.3389
mongolia,2012,17.9604
mongolia,2013,19.46189
montenegro,2005,2.00408
montenegro,2006,2.25979
montenegro,2007,2.1355
montenegro,2008,2.75121
montenegro,2009,1.76691
montenegro,2010,2.56262
montenegro,2011,2.58334
montenegro,2012,2.38407
montenegro,2013,2.32479
morocco,1990,22.01627
morocco,1991,23.06615
morocco,1992,24.66603
morocco,1993,25.45591
morocco,1994,27.68578
morocco,1995,28.83566
morocco,1996,28.40332
morocco,1997,29.51099
morocco,1998,30.12865
morocco,1999,31.59632
morocco,2000,32.01398
morocco,2001,34.692
morocco,2002,35.91002
morocco,2003,35.70804
morocco,2004,38.99606
morocco,2005,41.64408
morocco,2006,42.95073
morocco,2007,43.78737
morocco,2008,45.60401
morocco,2009,45.61066
morocco,2010,48.8773
morocco,2011,53.23406
morocco,2012,54.76083
morocco,2013,53.50759
mozambique,1990,3.72729
mozambique,1991,3.35672
mozambique,1992,3.32616
mozambique,1993,3.32559
mozambique,1994,2.92503
mozambique,1995,2.79446
mozambique,1996,2.76546
mozambique,1997,2.90646
mozambique,1998,2.88746
mozambique,1999,2.90846
mozambique,2000,3.11946
mozambique,2001,3.1617
mozambique,2002,3.28393
mozambique,2003,3.61616
mozambique,2004,3.69839
mozambique,2005,3.58063
mozambique,2006,3.8367
mozambique,2007,4.34278
mozambique,2008,4.47885
mozambique,2009,4.89493
mozambique,2010,5.21101
mozambique,2011,5.72349
mozambique,2012,5.57598
mozambique,2013,5.94846
myanmar,1990,7.51365
myanmar,1991,7.45793
myanmar,1992,7.6403
myanmar,1993,8.2171
myanmar,1994,9.04138
myanmar,1995,10.34567
myanmar,1996,10.86841
myanmar,1997,10.96114
myanmar,1998,11.83388
myanmar,1999,13.16485
myanmar,2000,13.82347
myanmar,2001,13.4124
myanmar,2002,14.01133
myanmar,2003,17.01909
myanmar,2004,17.43802
myanmar,2005,18.68695
myanmar,2006,17.91791
myanmar,2007,18.25886
myanmar,2008,15.74922
myanmar,2009,15.26959
myanmar,2010,16.23996
myanmar,2011,16.70841
myanmar,2012,19.92391
myanmar,2013,22.05295
namibia,1991,1.23786
namibia,1992,1.34922
namibia,1993,1.56057
namibia,1994,1.79192
namibia,1995,1.94328
namibia,1996,2.08368
namibia,1997,2.14409
namibia,1998,2.21449
namibia,1999,2.17489
namibia,2000,2.1053
namibia,2001,2.65296
namibia,2002,2.33062
namibia,2003,2.46828
namibia,2004,2.57594
namibia,2005,2.73359
namibia,2006,2.74826
namibia,2007,2.83292
namibia,2008,3.17759
namibia,2009,3.24225
namibia,2010,3.34692
namibia,2011,3.39123
namibia,2012,3.51554
namibia,2013,3.72986
nepal,1990,3.60686
nepal,1991,4.09876
nepal,1992,4.36067
nepal,1993,4.76257
nepal,1994,5.34447
nepal,1995,5.73637
nepal,1996,6.14448
nepal,1997,6.75259
nepal,1998,7.1907
nepal,1999,8.32881
nepal,2000,8.77692
nepal,2001,9.08539
nepal,2002,8.47386
nepal,2003,8.76233
nepal,2004,8.64079
nepal,2005,9.07926
nepal,2006,8.628
nepal,2007,8.82673
nepal,2008,9.24547
nepal,2009,9.9042
nepal,2010,10.72294
nepal,2011,11.14099
nepal,2012,11.81905
nepal,2013,11.85711
netherlands,1990,147.88533
netherlands,1991,155.26948
netherlands,1992,154.21833
netherlands,1993,159.55719
netherlands,1994,159.74133
netherlands,1995,167.15019
netherlands,1996,176.62028
netherlands,1997,168.94155
netherlands,1998,169.15694
netherlands,1999,163.62232
netherlands,2000,164.17771
netherlands,2001,169.24251
netherlands,2002,169.30906
netherlands,2003,172.33445
netherlands,2004,174.00512
netherlands,2005,169.51051
netherlands,2006,165.26166
netherlands,2007,166.17045
netherlands,2008,167.07278
netherlands,2009,162.25098
netherlands,2010,172.7286
netherlands,2011,160.88641
netherlands,2012,158.8348
netherlands,2013,158.5179
new_zealand,1990,22.96039
new_zealand,1991,23.29592
new_zealand,1992,25.02145
new_zealand,1993,24.55757
new_zealand,1994,24.9178
new_zealand,1995,25.12333
new_zealand,1996,26.26183
new_zealand,1997,28.60033
new_zealand,1998,28.20412
new_zealand,1999,29.61321
new_zealand,2000,30.49229
new_zealand,2001,32.68868
new_zealand,2002,32.49564
new_zealand,2003,34.33485
new_zealand,2004,33.74668
new_zealand,2005,34.95329
new_zealand,2006,35.06304
new_zealand,2007,34.11453
new_zealand,2008,35.16587
new_zealand,2009,32.2431
new_zealand,2010,32.17033
new_zealand,2011,31.50839
new_zealand,2012,32.97704
new_zealand,2013,32.6257
nicaragua,1990,2.36772
nicaragua,1991,2.36102
nicaragua,1992,2.69433
nicaragua,1993,2.69763
nicaragua,1994,3.01093
nicaragua,1995,3.15423
nicaragua,1996,3.3271
nicaragua,1997,3.53996
nicaragua,1998,4.06282
nicaragua,1999,4.12569
nicaragua,2000,4.29855
nicaragua,2001,4.50114
nicaragua,2002,4.64373
nicaragua,2003,4.77631
nicaragua,2004,4.9489
nicaragua,2005,4.89149
nicaragua,2006,5.12452
nicaragua,2007,5.24756
nicaragua,2008,5.09059
nicaragua,2009,5.09363
nicaragua,2010,5.21666
nicaragua,2011,5.41857
nicaragua,2012,5.39048
nicaragua,2013,5.2224
niger,2000,1.4813
niger,2001,1.47538
niger,2002,1.49945
niger,2003,1.56352
niger,2004,1.5876
niger,2005,1.55167
niger,2006,1.54758
niger,2007,1.64349
niger,2008,1.7094
niger,2009,1.94531
niger,2010,2.25122
niger,2011,2.27273
niger,2012,2.78423
niger,2013,2.70574
nigeria,1990,121.75851
nigeria,1991,128.73986
nigeria,1992,138.86475
nigeria,1993,136.27314
nigeria,1994,131.91919
nigeria,1995,132.22283
nigeria,1996,139.8856
nigeria,1997,138.26527
nigeria,1998,133.45561
nigeria,1999,133.47417
nigeria,2000,136.79393
nigeria,2001,148.31023
nigeria,2002,151.60412
nigeria,2003,156.10389
nigeria,2004,158.57485
nigeria,2005,169.95768
nigeria,2006,163.03892
nigeria,2007,160.80783
nigeria,2008,160.07371
nigeria,2009,142.63367
nigeria,2010,158.19321
nigeria,2011,166.38966
nigeria,2012,164.01481
nigeria,2013,162.72768
norway,1990,29.50406
norway,1991,27.68111
norway,1992,30.85994
norway,1993,32.3164
norway,1994,34.01111
norway,1995,33.49052
norway,1996,34.4562
norway,1997,36.18717
norway,1998,37.96226
norway,1999,39.83089
norway,2000,34.56127
norway,2001,35.30731
norway,2002,34.98159
norway,2003,37.59587
norway,2004,38.11544
norway,2005,36.98031
norway,2006,37.92468
norway,2007,38.46905
norway,2008,37.5593
norway,2009,37.93367
norway,2010,39.97216
norway,2011,38.69409
norway,2012,36.71305
norway,2013,36.95263
oman,1990,38.33801
oman,1991,43.87322
oman,1992,44.01724
oman,1993,44.50421
oman,1994,45.48235
oman,1995,48.59108
oman,1996,49.9217
oman,1997,52.48469
oman,1998,53.63648
oman,1999,57.95652
oman,2000,61.20124
oman,2001,63.06991
oman,2002,63.76975
oman,2003,63.57488
oman,2004,62.47414
oman,2005,61.35693
oman,2006,69.9325
oman,2007,73.86748
oman,2008,73.12717
oman,2009,76.17627
oman,2010,79.79242
oman,2011,86.21258
oman,2012,90.84801
oman,2013,96.36528
pakistan,1990,68.33593
pakistan,1991,67.87328
pakistan,1992,74.87478
pakistan,1993,81.86629
pakistan,1994,84.84779
pakistan,1995,91.52929
pakistan,1996,96.03511
pakistan,1997,99.95093
pakistan,1998,101.73675
pakistan,1999,110.50257
pakistan,2000,110.33839
pakistan,2001,112.02895
pakistan,2002,115.0495
pakistan,2003,118.54005
pakistan,2004,131.5106
pakistan,2005,134.30116
pakistan,2006,144.3017
pakistan,2007,156.29224
pakistan,2008,150.99278
pakistan,2009,154.77333
pakistan,2010,151.21387
pakistan,2011,152.84509
pakistan,2012,154.82631
pakistan,2013,156.30165
panama,1990,2.66689
panama,1991,3.10732
panama,1992,3.63775
panama,1993,3.64819
panama,1994,3.88862
panama,1995,4.20905
panama,1996,4.24186
panama,1997,4.46468
panama,1998,5.50749
panama,1999,4.8103
panama,2000,4.99311
panama,2001,5.98941
panama,2002,5.21571
panama,2003,5.32202
panama,2004,5.39832
panama,2005,6.88463
panama,2006,7.25325
panama,2007,7.00187
panama,2008,6.6205
panama,2009,8.10912
panama,2010,8.93774
panama,2011,9.58905
panama,2012,9.86035
panama,2013,9.97165
paraguay,1990,2.5094
paraguay,1991,2.47546
paraguay,1992,2.87152
paraguay,1993,3.23758
paraguay,1994,3.71365
paraguay,1995,4.14971
paraguay,1996,4.1031
paraguay,1997,4.48649
paraguay,1998,4.65988
paraguay,1999,4.66328
paraguay,2000,3.90667
paraguay,2001,4.04956
paraguay,2002,4.22244
paraguay,2003,4.34533
paraguay,2004,4.40822
paraguay,2005,4.11111
paraguay,2006,4.24411
paraguay,2007,4.37712
paraguay,2008,4.60013
paraguay,2009,4.74313
paraguay,2010,5.31614
paraguay,2011,5.5366
paraguay,2012,5.72706
paraguay,2013,5.61751
peru,1990,21.64141
peru,1991,20.74742
peru,1992,21.75109
peru,1993,22.42064
peru,1994,22.96019
peru,1995,25.71974
peru,1996,28.00335
peru,1997,27.9652
peru,1998,26.58527
peru,1999,29.00358
peru,2000,28.49189
peru,2001,26.44416
peru,2002,27.67642
peru,2003,27.0834
peru,2004,31.22449
peru,2005,31.10675
peru,2006,30.60989
peru,2007,33.55833
peru,2008,37.83205
peru,2009,40.54461
peru,2010,43.99304
peru,2011,46.76189
peru,2012,46.23544
peru,2013,47.30606
philippines,1990,42.19952
philippines,1991,41.68918
philippines,1992,45.34884
philippines,1993,48.71849
philippines,1994,52.25815
philippines,1995,62.34781
philippines,1996,67.25201
philippines,1997,74.16621
philippines,1998,74.55041
philippines,1999,72.24461
philippines,2000,73.28881
philippines,2001,73.19426
philippines,2002,72.53854
philippines,2003,74.53575
philippines,2004,76.02708
philippines,2005,77.00841
philippines,2006,71.08303
philippines,2007,74.59765
philippines,2008,76.81228
philippines,2009,77.1469
philippines,2010,82.85153
philippines,2011,83.86644
philippines,2012,86.5284
philippines,2013,95.92448
poland,1990,365.36008
poland,1991,367.08188
poland,1992,358.96368
poland,1993,360.27548
poland,1994,354.74728
poland,1995,355.22909
poland,1996,370.43457
poland,1997,358.64006
poland,1998,332.25555
poland,1999,322.40103
poland,2000,308.60652
poland,2001,307.55938
poland,2002,301.43223
poland,2003,311.86508
poland,2004,315.40794
poland,2005,314.94439
poland,2006,326.57193
poland,2007,324.53383
poland,2008,319.46968
poland,2009,309.10802
poland,2010,324.82361
poland,2011,320.56112
poland,2012,313.99814
poland,2013,309.57416
portugal,1990,38.92428
portugal,1991,40.54359
portugal,1992,44.6729
portugal,1993,43.65221
portugal,1994,45.09153
portugal,1995,48.30084
portugal,1996,46.45613
portugal,1997,48.51143
portugal,1998,53.24673
portugal,1999,59.58202
portugal,2000,59.09732
portugal,2001,58.99752
portugal,2002,62.91772
portugal,2003,58.12791
portugal,2004,59.33811
portugal,2005,62.56831
portugal,2006,57.65151
portugal,2007,55.83471
portugal,2008,54.02791
portugal,2009,54.28111
portugal,2010,48.77431
portugal,2011,48.26679
portugal,2012,46.91926
portugal,2013,44.99173
qatar,1990,13.51083
qatar,1991,15.55379
qatar,1992,15.67379
qatar,1993,16.55028
qatar,1994,17.39676
qatar,1995,18.25325
qatar,1996,19.1815
qatar,1997,20.84975
qatar,1998,22.228
qatar,1999,24.47625
qatar,2000,23.3345
qatar,2001,25.20781
qatar,2002,29.43405
qatar,2003,30.87029
qatar,2004,34.01654
qatar,2005,43.49523
qatar,2006,47.32501
qatar,2007,52.4701
qatar,2008,56.78225
qatar,2009,61.38971
qatar,2010,66.093
qatar,2011,67.55191
qatar,2012,76.11617
qatar,2013,78.31162
romania,1990,194.38409
romania,1991,164.51807
romania,1992,147.58205
romania,1993,137.32604
romania,1994,133.66002
romania,1995,137.694
romania,1996,139.91581
romania,1997,128.38762
romania,1998,113.37943
romania,1999,98.68124
romania,2000,101.00305
romania,2001,106.00062
romania,2002,105.45819
romania,2003,111.44577
romania,2004,108.10334
romania,2005,106.91091
romania,2006,109.42994
romania,2007,106.46898
romania,2008,105.13801
romania,2009,91.23705
romania,2010,88.38608
romania,2011,94.47907
romania,2012,92.15206
romania,2013,82.48505
russian_federation,1990,2612.85804
russian_federation,1991,2569.59737
russian_federation,1992,2387.11422
russian_federation,1993,2188.39898
russian_federation,1994,1965.2199
russian_federation,1995,1897.16082
russian_federation,1996,1869.89562
russian_federation,1997,1762.42043
russian_federation,1998,1753.51524
russian_federation,1999,1789.28005
russian_federation,2000,1820.03486
russian_federation,2001,1827.56812
russian_federation,2002,1834.77445
russian_federation,2003,1870.98301
russian_federation,2004,1887.90885
russian_federation,2005,1890.58802
russian_federation,2006,1949.02721
russian_federation,2007,1948.82524
russian_federation,2008,1975.98097
russian_federation,2009,1863.39131
russian_federation,2010,1949.93044
russian_federation,2011,2028.66009
russian_federation,2012,1945.66986
russian_federation,2013,1960.29167
saudi_arabia,1990,162.65175
saudi_arabia,1991,183.74375
saudi_arabia,1992,195.1361
saudi_arabia,1993,202.57255
saudi_arabia,1994,215.86847
saudi_arabia,1995,219.67268
saudi_arabia,1996,231.62902
saudi_arabia,1997,213.51449
saudi_arabia,1998,229.36379
saudi_arabia,1999,233.80364
saudi_arabia,2000,243.3047
saudi_arabia,2001,246.67114
saudi_arabia,2002,263.96935
saudi_arabia,2003,275.06874
saudi_arabia,2004,291.28107
saudi_arabia,2005,307.43457
saudi_arabia,2006,325.741
saudi_arabia,2007,342.45979
saudi_arabia,2008,373.0521
saudi_arabia,2009,388.21735
saudi_arabia,2010,427.81261
saudi_arabia,2011,443.46446
saudi_arabia,2012,472.42631
saudi_arabia,2013,480.31816
senegal,1990,3.33505
senegal,1991,3.34531
senegal,1992,3.58558
senegal,1993,3.55584
senegal,1994,3.6361
senegal,1995,3.82636
senegal,1996,4.06514
senegal,1997,4.43393
senegal,1998,4.89271
senegal,1999,5.3615
senegal,2000,5.46028
senegal,2001,5.87629
senegal,2002,6.0723
senegal,2003,6.06832
senegal,2004,6.81433
senegal,2005,7.09034
senegal,2006,6.93693
senegal,2007,7.54352
senegal,2008,7.82011
senegal,2009,8.0267
senegal,2010,8.1633
senegal,2011,8.52078
senegal,2012,8.44826
senegal,2013,8.82575
serbia,1990,65.30682
serbia,1991,55.53094
serbia,1992,51.25506
serbia,1993,45.92917
serbia,1994,42.04329
serbia,1995,47.6474
serbia,1996,54.72582
serbia,1997,59.35424
serbia,1998,59.24266
serbia,1999,42.97108
serbia,2000,45.88949
serbia,2001,47.93879
serbia,2002,51.50808
serbia,2003,55.05737
serbia,2004,59.24666
serbia,2005,52.39595
serbia,2006,54.34927
serbia,2007,52.5226
serbia,2008,50.48592
serbia,2009,47.58924
serbia,2010,47.57256
serbia,2011,51.77026
serbia,2012,46.36795
serbia,2013,47.20565
singapore,1990,29.11216
singapore,1991,30.61981
singapore,1992,31.58745
singapore,1993,36.3451
singapore,1994,38.17274
singapore,1995,37.79039
singapore,1996,38.84824
singapore,1997,38.59609
singapore,1998,37.60394
singapore,1999,38.47179
singapore,2000,42.87964
singapore,2001,42.84502
singapore,2002,42.1204
singapore,2003,39.01578
singapore,2004,40.49116
singapore,2005,38.74654
singapore,2006,39.20409
singapore,2007,40.37163
singapore,2008,40.33918
singapore,2009,41.32673
singapore,2010,45.30428
singapore,2011,47.81065
singapore,2012,47.05703
singapore,2013,47.3834
slovakia,1990,56.65454
slovakia,1991,49.75199
slovakia,1992,46.57944
slovakia,1993,45.04689
slovakia,1994,42.32434
slovakia,1995,42.91179
slovakia,1996,42.79585
slovakia,1997,42.7899
slovakia,1998,41.30396
slovakia,1999,40.54801
slovakia,2000,38.61207
slovakia,2001,39.04726
slovakia,2002,38.52512
slovakia,2003,39.00045
slovakia,2004,37.74733
slovakia,2005,38.72651
slovakia,2006,37.96509
slovakia,2007,37.20532
slovakia,2008,36.91689
slovakia,2009,34.10917
slovakia,2010,36.05604
slovakia,2011,34.3562
slovakia,2012,32.7577
slovakia,2013,33.28739
slovenia,1990,14.22404
slovenia,1991,13.43119
slovenia,1992,13.12833
slovenia,1993,13.95548
slovenia,1994,13.90262
slovenia,1995,14.72977
slovenia,1996,15.5214
slovenia,1997,15.94303
slovenia,1998,15.68466
slovenia,1999,15.0963
slovenia,2000,14.68793
slovenia,2001,15.50107
slovenia,2002,15.70421
slovenia,2003,15.58736
slovenia,2004,15.8405
slovenia,2005,16.05364
slovenia,2006,16.40768
slovenia,2007,16.37171
slovenia,2008,17.41575
slovenia,2009,15.73978
slovenia,2010,16.06382
slovenia,2011,16.05464
slovenia,2012,15.48547
slovenia,2013,14.86629
south_africa,1990,254.70324
south_africa,1991,249.86027
south_africa,1992,246.85731
south_africa,1993,254.59435
south_africa,1994,260.21138
south_africa,1995,272.12842
south_africa,1996,282.08892
south_africa,1997,296.79884
south_africa,1998,305.06346
south_africa,1999,287.50396
south_africa,2000,293.96917
south_africa,2001,330.288
south_africa,2002,341.00683
south_africa,2003,362.80566
south_africa,2004,390.29978
south_africa,2005,387.51861
south_africa,2006,388.98357
south_africa,2007,406.52206
south_africa,2008,438.39056
south_africa,2009,414.65905
south_africa,2010,422.05755
south_africa,2011,410.01224
south_africa,2012,423.33694
south_africa,2013,439.12163
spain,1990,207.9478
spain,1991,215.80743
spain,1992,227.40707
spain,1993,213.62344
spain,1994,222.47894
spain,1995,233.81667
spain,1996,223.71245
spain,1997,241.70445
spain,1998,248.3704
spain,1999,269.96234
spain,2000,284.79639
spain,2001,285.98089
spain,2002,303.38538
spain,2003,308.78988
spain,2004,325.39438
spain,2005,339.81887
spain,2006,331.10696
spain,2007,343.88504
spain,2008,315.75313
spain,2009,282.02121
spain,2010,267.95929
spain,2011,270.78057
spain,2012,266.43184
spain,2013,241.09312
sri_lanka,1990,5.89427
sri_lanka,1991,6.10163
sri_lanka,1992,7.23899
sri_lanka,1993,7.18635
sri_lanka,1994,7.80372
sri_lanka,1995,7.93108
sri_lanka,1996,10.61351
sri_lanka,1997,10.75595
sri_lanka,1998,11.22838
sri_lanka,1999,12.25082
sri_lanka,2000,13.84325
sri_lanka,2001,13.76523
sri_lanka,2002,14.3872
sri_lanka,2003,15.39917
sri_lanka,2004,15.79114
sri_lanka,2005,16.90311
sri_lanka,2006,15.35665
sri_lanka,2007,16.53019
sri_lanka,2008,15.75372
sri_lanka,2009,15.22726
sri_lanka,2010,16.1008
sri_lanka,2011,18.47362
sri_lanka,2012,19.97645
sri_lanka,2013,17.74927
sudan,1990,10.8452
sudan,1991,10.10895
sudan,1992,9.6327
sudan,1993,8.11645
sudan,1994,9.45021
sudan,1995,8.98396
sudan,1996,10.31563
sudan,1997,12.80731
sudan,1998,13.88899
sudan,1999,15.89066
sudan,2000,17.81234
sudan,2001,19.85821
sudan,2002,22.82409
sudan,2003,24.50996
sudan,2004,26.78584
sudan,2005,29.77172
sudan,2006,33.28301
sudan,2007,35.28431
sudan,2008,37.4356
sudan,2009,38.8169
sudan,2010,40.18819
sudan,2011,39.45759
sudan,2012,39.28699
sudan,2013,39.37639
suriname,2000,1.80887
suriname,2001,1.84777
suriname,2002,1.43668
suriname,2003,1.55559
suriname,2004,1.70449
suriname,2005,2.0034
suriname,2006,1.87972
suriname,2007,1.78604
suriname,2008,1.85237
suriname,2009,1.87869
suriname,2010,2.18501
suriname,2011,2.25962
suriname,2012,2.47423
suriname,2013,2.43884
sweden,1990,53.8609
sweden,1991,54.917
sweden,1992,57.4831
sweden,1993,57.2692
sweden,1994,59.2653
sweden,1995,58.86139
sweden,1996,64.29935
sweden,1997,58.12731
sweden,1998,59.04526
sweden,1999,57.91322
sweden,2000,53.75117
sweden,2001,52.932
sweden,2002,54.52283
sweden,2003,55.77367
sweden,2004,54.1045
sweden,2005,50.91533
sweden,2006,48.42612
sweden,2007,46.77691
sweden,2008,44.7377
sweden,2009,42.48849
sweden,2010,47.82928
sweden,2011,44.21865
sweden,2012,41.15802
sweden,2013,39.49739
switzerland,1990,41.71357
switzerland,1991,44.36036
switzerland,1992,44.52714
switzerland,1993,42.44393
switzerland,1994,41.37072
switzerland,1995,42.3075
switzerland,1996,43.04683
switzerland,1997,41.96616
switzerland,1998,43.44549
switzerland,1999,43.72482
switzerland,2000,42.72414
switzerland,2001,44.11799
switzerland,2002,42.57184
switzerland,2003,43.87569
switzerland,2004,44.12954
switzerland,2005,44.56339
switzerland,2006,44.1151
switzerland,2007,42.18681
switzerland,2008,43.66851
switzerland,2009,42.36022
switzerland,2010,43.76193
switzerland,2011,39.77363
switzerland,2012,41.18534
switzerland,2013,42.21704
syria,1990,43.4498
syria,1991,47.49853
syria,1992,48.18845
syria,1993,48.73717
syria,1994,51.3559
syria,1995,54.67405
syria,1996,57.73113
syria,1997,57.8835
syria,1998,60.81058
syria,1999,59.77766
syria,2000,60.15474
syria,2001,61.19454
syria,2002,61.42847
syria,2003,61.0818
syria,2004,62.92043
syria,2005,73.24906
syria,2006,76.14745
syria,2007,78.62644
syria,2008,80.07955
syria,2009,75.11265
syria,2010,74.09576
syria,2011,70.57918
syria,2012,56.85084
syria,2013,49.25721
tajikistan,1990,11.98143
tajikistan,1991,11.01103
tajikistan,1992,8.22062
tajikistan,1993,5.63021
tajikistan,1994,3.4298
tajikistan,1995,2.81939
tajikistan,1996,2.54238
tajikistan,1997,2.79538
tajikistan,1998,3.01837
tajikistan,1999,2.75136
tajikistan,2000,2.35435
tajikistan,2001,2.30514
tajikistan,2002,2.29593
tajikistan,2003,2.31672
tajikistan,2004,2.72751
tajikistan,2005,2.5783
tajikistan,2006,2.78353
tajikistan,2007,3.36875
tajikistan,2008,3.20398
tajikistan,2009,2.56921
tajikistan,2010,2.57444
tajikistan,2011,2.70154
tajikistan,2012,3.11864
tajikistan,2013,3.81574
tanzania,1990,8.20808
tanzania,1991,8.25113
tanzania,1992,8.32419
tanzania,1993,8.45724
tanzania,1994,8.6103
tanzania,1995,9.40335
tanzania,1996,9.94228
tanzania,1997,10.06121
tanzania,1998,10.05014
tanzania,1999,10.10907
tanzania,2000,10.808
tanzania,2001,11.37002
tanzania,2002,12.18205
tanzania,2003,12.72407
tanzania,2004,14.43671
tanzania,2005,15.33318
tanzania,2006,15.84275
tanzania,2007,15.82731
tanzania,2008,16.14737
tanzania,2009,16.08651
tanzania,2010,17.30111
tanzania,2011,19.1974
tanzania,2012,21.4637
tanzania,2013,21.99
thailand,1990,85.51093
thailand,1991,95.07096
thailand,1992,103.66099
thailand,1993,116.56102
thailand,1994,129.88106
thailand,1995,146.71109
thailand,1996,164.7656
thailand,1997,169.4901
thailand,1998,155.40461
thailand,1999,161.93911
thailand,2000,163.38362
thailand,2001,171.70036
thailand,2002,181.7171
thailand,2003,190.02384
thailand,2004,207.32059
thailand,2005,214.33733
thailand,2006,216.15101
thailand,2007,224.26469
thailand,2008,230.34837
thailand,2009,222.75205
thailand,2010,239.31573
thailand,2011,238.06368
thailand,2012,255.64162
thailand,2013,264.63899
togo,1990,1.135
togo,1991,1.10272
togo,1992,0.96044
togo,1993,0.86817
togo,1994,1.21589
togo,1995,1.22361
togo,1996,1.6304
togo,1997,1.38718
togo,1998,1.58396
togo,1999,1.88074
togo,2000,1.76752
togo,2001,1.61824
togo,2002,1.70896
togo,2003,1.94968
togo,2004,1.8904
togo,2005,1.84113
togo,2006,1.7654
togo,2007,1.77967
togo,2008,1.99395
togo,2009,3.17822
togo,2010,2.9825
togo,2011,2.79665
togo,2012,2.5608
togo,2013,2.61495
trinidad_tobago,1990,13.9701
trinidad_tobago,1991,12.8307
trinidad_tobago,1992,11.77836
trinidad_tobago,1993,12.27898
trinidad_tobago,1994,12.80725
trinidad_tobago,1995,12.97199
trinidad_tobago,1996,13.08505
trinidad_tobago,1997,13.52283
trinidad_tobago,1998,13.85002
trinidad_tobago,1999,13.97132
trinidad_tobago,2000,14.4838
trinidad_tobago,2001,15.81679
trinidad_tobago,2002,16.57095
trinidad_tobago,2003,15.36566
trinidad_tobago,2004,15.80689
trinidad_tobago,2005,19.9405
trinidad_tobago,2006,21.96215
trinidad_tobago,2007,23.63732
trinidad_tobago,2008,23.08189
trinidad_tobago,2009,21.59471
trinidad_tobago,2010,23.72224
trinidad_tobago,2011,23.62365
trinidad_tobago,2012,22.11209
trinidad_tobago,2013,24.10763
tunisia,1990,13.29558
tunisia,1991,13.6347
tunisia,1992,14.42296
tunisia,1993,15.65355
tunisia,1994,15.63327
tunisia,1995,15.89239
tunisia,1996,16.67788
tunisia,1997,17.37337
tunisia,1998,18.08886
tunisia,1999,18.93435
tunisia,2000,19.71984
tunisia,2001,20.43554
tunisia,2002,20.43064
tunisia,2003,20.58869
tunisia,2004,21.31851
tunisia,2005,21.65891
tunisia,2006,22.49554
tunisia,2007,22.95982
tunisia,2008,23.07705
tunisia,2009,23.4131
tunisia,2010,25.61032
tunisia,2011,24.36683
tunisia,2012,25.17452
tunisia,2013,25.54397
turkey,1990,135.77684
turkey,1991,138.02297
turkey,1992,142.89911
turkey,1993,148.43777
turkey,1994,147.03683
turkey,1995,160.47117
turkey,1996,176.81858
turkey,1997,184.96069
turkey,1998,185.59809
turkey,1999,185.5102
turkey,2000,209.99761
turkey,2001,190.80398
turkey,2002,200.54202
turkey,2003,210.45649
turkey,2004,214.36275
turkey,2005,223.17437
turkey,2006,246.63541
turkey,2007,272.71646
turkey,2008,272.2793
turkey,2009,264.16855
turkey,2010,273.02959
turkey,2011,292.42893
turkey,2012,310.32007
turkey,2013,291.64656
turkmenistan,1990,64.79591
turkmenistan,1991,57.32562
turkmenistan,1992,46.59533
turkmenistan,1993,44.51504
turkmenistan,1994,50.30475
turkmenistan,1995,50.36446
turkmenistan,1996,47.56937
turkmenistan,1997,48.78429
turkmenistan,1998,50.4092
turkmenistan,1999,56.55412
turkmenistan,2000,58.58903
turkmenistan,2001,61.15918
turkmenistan,2002,64.32933
turkmenistan,2003,70.18948
turkmenistan,2004,73.87963
turkmenistan,2005,76.72977
turkmenistan,2006,78.53984
turkmenistan,2007,85.51166
turkmenistan,2008,86.65761
turkmenistan,2009,80.69355
turkmenistan,2010,88.16949
turkmenistan,2011,94.88712
turkmenistan,2012,97.27413
turkmenistan,2013,100.8947
ukraine,1990,782.74858
ukraine,1991,738.73815
ukraine,1992,645.45771
ukraine,1993,565.10727
ukraine,1994,475.54683
ukraine,1995,453.36639
ukraine,1996,401.02381
ukraine,1997,382.47123
ukraine,1998,362.69865
ukraine,1999,358.93606
ukraine,2000,350.40348
ukraine,2001,353.56249
ukraine,2002,356.8115
ukraine,2003,387.97051
ukraine,2004,362.90951
ukraine,2005,350.37852
ukraine,2006,357.83951
ukraine,2007,364.09049
ukraine,2008,350.85148
ukraine,2009,305.37247
ukraine,2010,322.07345
ukraine,2011,335.49418
ukraine,2012,330.09491
ukraine,2013,321.52564
united_arab_emirates,1990,70.17874
united_arab_emirates,1991,76.61584
united_arab_emirates,1992,75.03296
united_arab_emirates,1993,77.88654
united_arab_emirates,1994,84.06306
united_arab_emirates,1995,88.49371
united_arab_emirates,1996,91.99901
united_arab_emirates,1997,98.40845
united_arab_emirates,1998,100.50434
united_arab_emirates,1999,102.99552
united_arab_emirates,2000,102.33258
united_arab_emirates,2001,114.66443
united_arab_emirates,2002,117.03747
united_arab_emirates,2003,122.86876
united_arab_emirates,2004,129.78003
united_arab_emirates,2005,136.5266
united_arab_emirates,2006,141.18724
united_arab_emirates,2007,150.82434
united_arab_emirates,2008,173.90498
united_arab_emirates,2009,175.02149
united_arab_emirates,2010,180.3233
united_arab_emirates,2011,188.09153
united_arab_emirates,2012,199.24977
united_arab_emirates,2013,203.13329
united_kingdom,1990,585.32629
united_kingdom,1991,600.4152
united_kingdom,1992,582.16928
united_kingdom,1993,568.20231
united_kingdom,1994,560.79118
united_kingdom,1995,548.34118
united_kingdom,1996,566.92808
united_kingdom,1997,542.65497
united_kingdom,1998,544.35834
united_kingdom,1999,540.26524
united_kingdom,2000,546.60684
united_kingdom,2001,559.97152
united_kingdom,2002,542.86325
united_kingdom,2003,553.77028
united_kingdom,2004,553.23437
united_kingdom,2005,550.62435
united_kingdom,2006,551.17333
united_kingdom,2007,537.78464
united_kingdom,2008,523.79774
united_kingdom,2009,474.41084
united_kingdom,2010,491.30865
united_kingdom,2011,452.62835
united_kingdom,2012,476.90277
united_kingdom,2013,464.50071
united_states,1990,5189.45716
united_states,1991,5153.20438
united_states,1992,5224.96336
united_states,1993,5343.08414
united_states,1994,5414.38724
united_states,1995,5467.1739
united_states,1996,5623.3863
united_states,1997,5789.50988
united_states,1998,5799.62981
united_states,1999,5823.64163
united_states,2000,6027.10638
united_states,2001,5981.6607
united_states,2002,5904.12679
united_states,2003,5969.31817
united_states,2004,6039.28543
united_states,2005,6046.77976
united_states,2006,5953.0598
united_states,2007,6044.32396
united_states,2008,5877.72989
united_states,2009,5492.09404
united_states,2010,5725.61701
united_states,2011,5594.71325
united_states,2012,5417.76124
united_states,2013,5495.02102
uruguay,1990,3.76605
uruguay,1991,4.29707
uruguay,1992,4.6681
uruguay,1993,4.40912
uruguay,1994,4.10014
uruguay,1995,4.56116
uruguay,1996,5.29097
uruguay,1997,5.35077
uruguay,1998,5.51058
uruguay,1999,6.56038
uruguay,2000,5.25019
uruguay,2001,4.70995
uruguay,2002,4.29971
uruguay,2003,4.23946
uruguay,2004,5.35922
uruguay,2005,5.31898
uruguay,2006,6.24228
uruguay,2007,5.73557
uruguay,2008,7.64887
uruguay,2009,7.64217
uruguay,2010,6.13546
uruguay,2011,7.40769
uruguay,2012,8.36993
uruguay,2013,7.30216
uzbekistan,1990,161.58229
uzbekistan,1991,168.76789
uzbekistan,1992,164.51349
uzbekistan,1993,168.82909
uzbekistan,1994,166.38469
uzbekistan,1995,157.89029
uzbekistan,1996,160.3848
uzbekistan,1997,163.13931
uzbekistan,1998,180.36382
uzbekistan,1999,182.91833
uzbekistan,2000,184.46284
uzbekistan,2001,187.19013
uzbekistan,2002,192.65743
uzbekistan,2003,189.12472
uzbekistan,2004,187.48202
uzbekistan,2005,183.82932
uzbekistan,2006,187.84373
uzbekistan,2007,189.93814
uzbekistan,2008,190.80255
uzbekistan,2009,182.59696
uzbekistan,2010,182.12137
uzbekistan,2011,193.04291
uzbekistan,2012,197.12445
uzbekistan,2013,188.03599
venezuela,1990,129.19433
venezuela,1991,129.64356
venezuela,1992,133.5775
venezuela,1993,140.52378
venezuela,1994,142.36535
venezuela,1995,150.3193
venezuela,1996,165.1565
venezuela,1997,171.31773
venezuela,1998,168.9689
venezuela,1999,158.26481
venezuela,2000,167.859
venezuela,2001,171.38244
venezuela,2002,171.64183
venezuela,2003,167.55115
venezuela,2004,172.82994
venezuela,2005,188.17293
venezuela,2006,175.153
venezuela,2007,178.84567
venezuela,2008,210.38649
venezuela,2009,209.56784
venezuela,2010,215.4315
venezuela,2011,199.59432
venezuela,2012,199.84271
venezuela,2013,213.45231
vietnam,1990,25.73839
vietnam,1991,25.97674
vietnam,1992,27.13509
vietnam,1993,32.52581
vietnam,1994,35.37416
vietnam,1995,39.03249
vietnam,1996,43.10342
vietnam,1997,48.99553
vietnam,1998,53.54588
vietnam,1999,54.06269
vietnam,2000,58.57892
vietnam,2001,64.27649
vietnam,2002,73.83878
vietnam,2003,78.05165
vietnam,2004,92.35393
vietnam,2005,99.30563
vietnam,2006,102.83599
vietnam,2007,111.33222
vietnam,2008,122.93669
vietnam,2009,134.03116
vietnam,2010,149.34857
vietnam,2011,148.61951
vietnam,2012,147.03809
vietnam,2013,153.74022
world,1990,23117.35225
world,1991,23288.02453
world,1992,23185.9601
world,1993,23287.34901
world,1994,23378.91443
world,1995,23961.62359
world,1996,24463.16161
world,1997,24751.37319
world,1998,24910.79259
world,1999,25073.4903
world,2000,25839.56038
world,2001,26215.42196
world,2002,26681.12331
world,2003,27784.21806
world,2004,29030.92479
world,2005,30058.86844
world,2006,30957.01574
world,2007,32111.91025
world,2008,32357.72262
world,2009,31983.78752
world,2010,33715.65096
world,2011,34663.16794
world,2012,34946.62443
world,2013,35520.28155
yemen,1990,6.42707
yemen,1991,8.27646
yemen,1992,8.95585
yemen,1993,7.94524
yemen,1994,8.32463
yemen,1995,9.60402
yemen,1996,9.852
yemen,1997,10.54998
yemen,1998,11.45796
yemen,1999,12.79595
yemen,2000,13.55393
yemen,2001,14.72806
yemen,2002,14.78219
yemen,2003,17.06632
yemen,2004,18.07045
yemen,2005,19.06458
yemen,2006,19.11447
yemen,2007,20.23436
yemen,2008,21.49425
yemen,2009,25.12651
yemen,2010,23.52404
yemen,2011,19.99638
yemen,2012,18.26638
yemen,2013,24.68696
zambia,1990,20.35071
zambia,1991,20.08077
zambia,1992,19.61083
zambia,1993,18.84089
zambia,1994,18.05095
zambia,1995,17.58101
zambia,1996,16.83799
zambia,1997,16.96497
zambia,1998,16.49195
zambia,1999,15.73894
zambia,2000,15.38592
zambia,2001,16.15929
zambia,2002,16.93267
zambia,2003,17.71605
zambia,2004,18.40942
zambia,2005,19.2628
zambia,2006,19.71737
zambia,2007,19.71194
zambia,2008,20.5365
zambia,2009,21.21107
zambia,2010,21.90564
zambia,2011,22.60821
zambia,2012,23.73079
zambia,2013,24.24337
zimbabwe,1990,19.77654
zimbabwe,1991,21.4742
zimbabwe,1992,21.63186
zimbabwe,1993,20.20952
zimbabwe,1994,19.07718
zimbabwe,1995,18.64485
zimbabwe,1996,18.09593
zimbabwe,1997,17.11702
zimbabwe,1998,17.45811
zimbabwe,1999,19.3392
zimbabwe,2000,17.30029
zimbabwe,2001,17.43503
zimbabwe,2002,15.94976
zimbabwe,2003,13.5745
zimbabwe,2004,12.97924
zimbabwe,2005,13.51398
zimbabwe,2006,12.79695
zimbabwe,2007,12.85991
zimbabwe,2008,10.71287
zimbabwe,2009,10.43584
zimbabwe,2010,12.4788
zimbabwe,2011,14.35486
zimbabwe,2012,14.76092
zimbabwe,2013,15.09698
